1|20161102115345|12|44|到现在为止，票子还不见踪影，只能马马虎虎过日子
1|20161102115345|12|63|机油给我换的居然是吉利sc7的机油，理由是长城的机油没有了
1|20161102115345|20|78|我的25I已经快2000公里了，起步刹车的时候?还是嘎嘎的··难道还没有磨合好吗
1|20161102115345|34|113|GX7的两大实用缺陷：1、没能量产5+2的设计2、音响没有USB接口，虽然高配的有，但低配的没有，USB是个实用配置，可以随心所欲地下载无限量喜欢的歌曲，不用花钱还可以随时更换，还不用大量CD占车内空间
1|20161102115345|47|148|2010款空调油味，是什么原因，不是我的车，我朋友的，请朋友们解答一下
1|20161102115345|51|156|每次坐下后，头都无法靠到座椅的头枕上，开长途尤其累
1|20161102115345|53|164|诸位兄弟，小5送了根ipod的数据线，小弟经常用ip4听歌，结果闻到usb口有很重的焦味，大家也有这个情况吗，望解答
1|20161102115345|54|166|发现在低速时踩油门有异响，感觉就象一块铁皮没固定好在振动发出的那种颤音
1|20161102115345|75|259|我的车每次起步加速，车前头就发出一声（（???卡???????））响，不知道什么声音，有没有知道的
1|20161102115345|76|269|我到现在也不明白，为什么同是1.6的，感觉咋不一样
1|20161102115345|90|600|老解放、老南京嘎斯的车皮肯定比现在的卡车都厚，那是技术落后的表现
1|20161102115345|90|628|首先是丰田车确实有质量问题，而且日本车不地道，在美国金融危机时把福特挤兑的差点破产；再则是奥巴马也需要通过打压丰田来振兴美国汽车工业
1|20161102115345|92|651|看凤凰网上说这个罗密欧底盘很老，为啥
1|20161102115345|95|655|3挡发动机有点抖
1|20161102115345|99|664|以前在坛子里看到有车友首保后，一档比较难挂
1|20161102115345|99|665|前段时间首保后真的感觉一档比原来难挂了
1|20161102115345|101|680|神龙你真成神聋了，以前我说说刹车有问题（不是颠簸路，沙石路面
1|20161102115345|101|682|现在是越来越多的车友反映，爱丽舍的刹车的确是有安全隐患的，汽车投诉网投诉了，但4S就说刹车正常，很先进，厂家也是搪塞你，我一个普通平民哪有力气和你们（要有关部门之类的）周旋，还是那句话，刹车搞不好就是杀人
1|20161102115345|103|698|这是后杠护板，这个由于面积有点大，所以不好固定安装位置
1|20161102115345|108|720|今天启动之后发现不能一键开启了，而且不能往上按了只能往后拉，求解
1|20161102115345|123|781|??昨天刚提的老款1.5尊贵远景，在行驶中多次自动熄火，接着又能行驶什么原因啊
1|20161102115345|125|794|今天第六天在行驶中起步时熄火
1|20161102115345|125|795|打火打了四五次没打着
1|20161102115345|138|828|很多人说C30的售后比较差，不知道郑州C30的售后怎么样
1|20161102115345|143|841|第二，手刹感觉很高（可能习惯小三的手刹缘故），都快竖起来了
1|20161102115345|143|842|第三就是感觉档位不是特别清晰，一档跟小三一样，难入，二档很轻松
1|20161102115345|143|845|????????整体做工感觉没有帝豪好（同学本来是打算买帝豪的），可能比小三还差一点（这个纯属个人感觉，呵呵，别拍砖啊）
1|20161102115345|146|862|2012新胜达怎么没收音机功能
1|20161102115345|153|910|难道机械液压助力真那么差
1|20161102115345|157|921|本人保管副钥匙，开车门无中控功能，只是驾驶员门能开，不方便
1|20161102115345|159|956|在生活中，不少经销商也的确有些“骚扰”嫌疑
1|20161102115345|160|986|看的都带T，想起就不舒服
1|20161102115345|160|996|不说了，没意思
1|20161102115345|165|1032|毅然决定退掉
1|20161102115345|168|1053|望大虾指点难看的钥匙，想换
1|20161102115345|168|1055|横滨的胎感觉不怎么样
1|20161102115345|168|1065|以前我看帖也不回帖的，大家都这样，所以奥德赛论坛这么冷清
1|20161102115345|170|1072|但高速超过120时发动机的声音一下就变的很暴躁，不像是同一辆车发出的声音
1|20161102115345|170|1080|MPZ加入后并没有什么感觉，甚至怀疑是否买到假货了
1|20161102115345|175|1098|?虽然没见实车，但看了大量图片，与其他SUV相比（备胎也是在地板下，有的内置，有的外置），GX7后备箱地板太高了，原因好像是下面有几个储物格占用一层高度空间，个人认为这样设计并不好，原因：1、储物格虽然也可放东西，但对大小形状有限制，实用性不大
1|20161102115345|175|1100|3、因地板位置较高，取放大件物品、行李较费劲
1|20161102115345|179|1116|和国内价格比较真的是无语
1|20161102115345|184|1141|?下车看的时候，才发现那个音响不是一般重，2个男人很用力才抬起来，差不多40kG
1|20161102115345|184|1142|中控裂开了，车灯跑偏，前脸变形，这些还只是我这个半桶水看到的，车漆就更不用说了，由于重物砸下来，明天还要去4S拆开看，看里面是否有问题
1|20161102115345|201|1209|后排门边喇叭不响,只有前门边响和后车窗喇叭响，不知这正常吗
1|20161102115345|202|1213|造成下次启动车辆时，车辆已经冷却，但油温传感器会误判为热车情况，造成供油不足，节气门开口过大形成难启动
1|20161102115345|204|1265|这两天开车没开多久仪表盘上的ABS灯就亮起来，不知阿有问题
1|20161102115345|206|1271|原车带的地图实在没法忍受了
1|20161102115345|232|1339|今天突然发现行进中踩离合挂不进一档了，从二档都退不回去一档，只有速度降到很慢很慢（5迈左右）才能勉强挂进去，之前没有发现这问题，只知道高速时挂不进倒档，一档的话印象里之前的时候十几迈速度时还是能挂进去的，怎么会突然不行了，难道是同步器出问题么，还是变速箱保护功能
1|20161102115345|235|1345|车的做工真的不咋的
1|20161102115345|236|1355|我的小三冷车启动后2挡转入1挡很难挂，要踩几脚离合器才可以挂入!你们的是这样吗
1|20161102115345|245|1371|最近几天早上?，我的小三刚启动时，方向有一点涩的感觉?
1|20161102115345|246|1373|妈的，才三千公里，左后视镜转弯灯又不亮了
1|20161102115345|250|1391|3、着车后隔音效果一般，方向盘有轻微的抖动能感觉到
1|20161102115345|251|1398|新手上路，请教大侠，C30，3000公里发动机维修警告灯断断续续的亮严重吗，如何处理
1|20161102115345|262|1462|灯也不太响，所以
1|20161102115345|262|1463|?淘宝来的霸王硬上，塑料螺丝直接断了
1|20161102115345|263|1468|前段时间我甚至还感觉这是一种痛苦是一种折磨
1|20161102115345|265|1477|纠结啊···?????看论坛里有改座椅的，削海绵垫，割支架爪子等等，开始觉得太麻烦了，不想折腾啊，可开车的时候又不舒服，右腿酸麻胀痛，就像压迫血管血液不能循环了
1|20161102115345|277|1506|一汽的装配真是有问题，这可是关乎安全的大事啊
1|20161102115345|278|1507|换一块天窗玻璃要读少钱，我的天窗炸了
1|20161102115345|282|1515|早上去4S，和前台说了一下，发动机有抖动，一个师傅用手摸了一下方向盘，然后打开前机盖看了一下，确认机脚问题，就让前台给登记了，不过更换还需要时间
1|20161102115345|288|1531|3、前窗玻璃动作不利索，有迟滞摩擦现象，有时间再去解决
1|20161102115345|304|1598|前几天车被撞了，车的右侧两个门没用了，前挡风玻璃也没用了，车顶也变形了，我向想问一下修理一下要多少钱啊，谢了
1|20161102115345|318|1692|郑州日产鋭骐皮卡装配朝柴发动机油耗大、噪音大、一万多公里就开始有杂音，索赔无门厂家无故找理由拒赔，还说是用户保养不当，人为损坏，既是这样何必每次被宰思的去服务站保养，朝柴机器设计有问题、技术不成熟，涡轮增压管道出现早期渗油厂家和服务站说正常，还说每台都是，其实就是早期轻微烧机油下排气，他们把下排气管道与进气管相连欺骗消费者
1|20161102115345|318|1693|另厂家24小时电话不好打通，接线员不想是服务人员好像是行政人员说话生硬，态度差，专卖店销售人员卖车时啥都可以答应遇到问题一点忙也帮不上，与其他厂家大不一样
1|20161102115345|321|1760|否则在会车时会很危险
1|20161102115345|328|1893|一直到现在也没再出现，非常郁闷
1|20161102115345|328|1896|2、高档低速
1|20161102115345|328|1897|3、发动机缺缸
1|20161102115345|338|1960|投诉原因，欺骗消费者
1|20161102115345|352|2019|可惜价格超出预算太多了
1|20161102115345|362|2057|不说了，说多了全是泪
1|20161102115345|362|2061|再怎么按都插不进去了
1|20161102115345|398|2242|四驱动居然坏鸟
1|20161102115345|417|2311|可是不能播放啊
1|20161102115345|420|2321|我12年9月30日买的新爱丽舍，2月份发现烧气1500转左右车子抖动，去4S点修了一下，找不到毛病，过了几天又去，清洗了一下气门还是没去掉毛病
1|20161102115345|455|2429|哈哈XC60不足之处：1，总感觉倒车影像不是很清楚，难道摄像头像素太低
1|20161102115345|455|2430|2，导航启动有点慢，而且总感觉用的不习惯，很难上手，（可能是个人用惯了八代雅阁的导航了吧
1|20161102115345|458|2451|在初选中便放弃奥德赛和GL8原因很简单，太大、商务气息太过浓重
1|20161102115345|458|2487|新车刚一个星期，主驾驶门扶手已经脏了，真让人无语
1|20161102115345|475|2559|倒车时踩刹车“咯噔”一声响，好像撞到什么的声音
1|20161102115345|499|2703|???长城店那服务真的不咋样，那价格是好女不愁嫁啊
1|20161102115345|524|2823|最近一段时间看到我们小区连续有几辆汽车被划,划痕又长又深,有的在前盖上是一个大叉,令人触目惊心.如何避免自己的爱车被划阿?
1|20161102115345|545|2900|小三提了不到一个月，跟很多车友一样，倒车有异响，今天居然副驾驶的玻璃也开不开了，求助各位看看是什么原因，另外一个我的左后方车门很怪异，从外面可以打开车门，但从里面开居然开不开
1|20161102115345|548|2914|原车的灯光真不敢恭维
1|20161102115345|549|2920|听说C30自动档的波箱有问题
1|20161102115345|558|2960|只是在中控台上下摸了摸都是硬塑料，还是廉价的感觉
1|20161102115345|561|2972|佳通228的胎，被挤了一个小口子，不知道问题大吗
1|20161102115345|592|3117|35从提车至今，已跑了4000公里，发现慢速行驶，方向急打时方向盘会发出“摩擦”的微小声音，不仔细听还听不到，但手感明显，有点像方向盘塑料之间的摩擦声音，因为我在二级市这里没有CS店，只有二级经销商去问了一下说没有什么大问题，但自己觉得有问题
1|20161102115345|609|3191|感觉就是不一样，之前开起来包括打火后，驾驶仓内共震声很大，好像面包车一样
1|20161102115345|610|3199|提车刚八天发现油箱盖碎了
1|20161102115345|652|3351|中控台的蒙皮开裂了
1|20161102115345|657|3369|车又被撞了
1|20161102115345|660|3384|我的柴油车，稍微陡点的坡，坡起无法起步
1|20161102115345|660|3386|今天变速箱后油封又漏油了，破车
1|20161102115345|680|3515|很丑的中控用料真的是
1|20161102115345|683|3535|今天在“繁荣”改了气，觉得加油门时磕磕绊绊，极不流畅，后悔了
1|20161102115345|689|3559|?前天周末陪同事去提瑞麒G3，开了60公里，之前也开过朋友的科鲁兹，觉得小三的驾驶座噪音明显比G3大很多很多，G3是那种闷闷的发动机噪音，而小三是脆的，嘈杂的噪音，感觉就像听着裸露的发动机声音一样
1|20161102115345|701|3614|油耗市区在11个左右，最费的时候12.5
1|20161102115345|713|3663|变速箱异响合资车也有变速箱异响合资车也有
1|20161102115345|733|3752|车祸发生时，驾驶员和副驾驶位置的两个气囊均未弹开
1|20161102115345|746|3809|菱智据说耗油太高
1|20161102115345|748|3841|昨天高速130左右车速车子意外断油（第二次了上一次也是同样高速状态下）靠边停车车不灭，空挡状态油门反应正常，发动机故障灯不亮
1|20161102115345|762|3894|最头痛的是我们智跑没有反光镜加热
1|20161102115345|762|3895|下雨天晚上开车真的不安全
1|20161102115345|785|3973|发现小三的档把是拧上去的，挂挡的时候总是会歪掉
1|20161102115345|813|4149|不明白为什么要这样设计
1|20161102115345|819|4190|我的智跑，usb接口用苹果原装数据线接ipod和iphone，都无法读取
1|20161102115345|819|4191|反复地连接上，断掉，连接上，断掉
1|20161102115345|819|4192|别说播放了，连充电都不能充
1|20161102115345|827|4208|?途观2012款变速箱存在严重问题
1|20161102115345|833|4259|确山服务区，很小，自助餐30元一份，质量很差
1|20161102115345|854|4335|鼓掌这是网上买的SANDISK纳豆U盘，太小了，比我想的还小
1|20161102115345|854|4337|健康陪伴你，竹炭不可少这几天的油耗，有点高
1|20161102115345|862|4393|奶奶的?国家收保护费能少收点不?蛋疼
1|20161102115345|863|4394|请问各位~~~K5的后悬挂真的很硬吗?求真相~~~
1|20161102115345|867|4431|回答：没有堂堂4S店连个底盘防锈都没有（是这样么
1|20161102115345|880|4466|升级了半天进度条一点没有动啊
1|20161102115345|880|4467|又等了半天还是不动，怀疑读卡器有问题，拨了重新开始，结果，悲催了
1|20161102115345|880|4468|内存卡上啥也没有了，升级助手也不识别内存卡了
1|20161102115345|880|4475|每次都出来它，麻烦
1|20161102115345|881|4491|去了才知道，一切都错了
1|20161102115345|881|4496|生活实在太枯燥
1|20161102115345|884|4536|c30走烂路或者不平的水泥路的时候，副驾前面的中控位置有吱吱的异响，好像塑料件摩擦的声音，特别是冷车发动机震动大的时候，大家的车有没有碰到过
1|20161102115345|888|4545|车越换越差
1|20161102115345|888|4557|刚上高架，速度上到60，噪音一下子大了起来，速度越快，声音越大，这要是上了高速跑了120，声音还得了
1|20161102115345|888|4574|?????????3、小毛病太多
1|20161102115345|888|4575|国产车的通病
1|20161102115345|898|4635|缺点：1.保养贵
1|20161102115345|903|4656|各位前辈我的车刚提几天，一走跌跛的路尤其是车身左右晃得时候副驾驶天窗上面就有类似上面东西敲打铁皮的当，当，当声音，时而又时而又没有了我也看了论坛一个车主也反映类似情况
1|20161102115345|906|4669|我是贴黑色的玻璃胶，感觉看起来不好看
1|20161102115345|912|4680|我的车，早起着火气门响
1|20161102115345|920|4726|??????重庆价格不给力，不说了
1|20161102115345|920|4739|?????缺点：?????1、死角，左右死角较大，开车这几天，转弯比我老婆都慢（很小心啊），A柱绝对可以挡住一辆摩托车或者自行车，转弯要小心看看左右，个人原因，我反而觉得副驾驶的A柱更档视线，驾驶席这边A柱和后视镜之间有缝隙，利于观察，副驾驶席那边看出去是一整块，盲区更大
1|20161102115345|920|4747|远光没有透镜，那叫一个散啊，不安全，射花了来车司机的眼睛，自己也看不清清楚
1|20161102115345|923|4755|刚买的跑跑开了4个月发动机声音增大了油门踩着也比以前重了
1|20161102115345|926|4765|?????告诉你们个秘密，小7居然没有时钟，反正我是没找到
1|20161102115345|988|4995|妈＊的＊这么贵的车没有电动后视镜
1|20161102104819|0|1|好像没有这个插孔呢
1|20161102104819|2|15|既然如此，但为什么还经常听到一些网友说自己换挡时车辆有诸如前冲（窜车）、顿挫（搓车）等冲击现象呢
1|20161102104819|2|51|下降量几乎相当于整个怠速转速，不可谓不小
1|20161102104819|8|149|本人个头偏高一些（181cm），由于胜达坐姿较高，即使座椅调到最低，为了操作方便只能将座椅往前调，可头基本块碰到顶棚了
1|20161102104819|17|169|到4S店咨询说是“压力轴承”的问题，等了两周时间件到后换了前右轮的“压力轴承”，未解决问题仍然响
1|20161102104819|17|181|???以上是在4S店的亲身经历，为了更换两个压力轴承历经两个半月的时间，先后两次换错件，还有修理工人为的损坏雨刮器
1|20161102104819|17|188|至于4S店的服务，虽然不能恭维，但在这个过程中得到了经验和教训，并且促使自己去学习汽车方面的知识，这就够了
1|20161102104819|39|278|网上的价格一般包括装饰，保险（交强险、商业险）等其他的东西，其实那些东西不值报的价格
1|20161102104819|39|280|感觉动力很强，舒适性稍差，长时间驾驶PP很难受哦，LD也有同样的感觉
1|20161102104819|39|282|现在不满意的的导航光盘至今没有，买车的时候说光盘丢了，现在都一个月了，还没有到，多花的2万元导航功能至今没有体验，4S店给一个万利达的导航先替代，挂在前风挡很难看，还有充电的线……给4S店打过多次电话，投诉到现在也没有解决
1|20161102104819|46|297|本人在寮步德现车行买了一台新胜达,3月8号提的车,从看车到提车一直让人觉得被忽悠.这次后视镜断了找到他们,竟然还要等研究三天在回复我!下次有时间我将整个过程发表出来给大家.
1|20161102104819|47|298|800公里了，城市上下班开，油耗很少下过17，目前17.5，各位说说是不是太高啦
1|20161102104819|53|317|后排单独座位，小孩睡觉的话是不是不太舒服，硌得慌
1|20161102104819|87|504|哪位高手指点一二，途安2.0，N档手刹部位时，明显感觉车子抖动，感到座椅底下一跳一跳的，特难受
1|20161102104819|97|538|开着空调走个120公里停下车来怠速当压缩机启动就能听到明显的“嗒嗒嗒”声踩下离合声音就没了（可能是因为切断了动力传输
1|20161102104819|110|585|我的老威驰2007年10月购买，行驶了10500公里，最近发现左前和右后减震器漏油
1|20161102104819|143|677|今天新购1.3威弛，但由于刚开这车，驾驶不是很流畅，偶尔等红灯时熄火，但感觉小威在次打火很慢
1|20161102104819|164|737|今天有些郁闷,在这里提醒一下想要买丰田皇冠车2.5的朋友.我去年三月提的车,是在深圳泥岗路的华日丰田4S店.现在车还不到两年,毛病多多:1.轮胎质量一般,补胎有四次,侧刮破一次导致现在还有用的四轮中有一备胎2.油耗感觉偏高,深圳市内一般13个左右3.右侧和尾箱经常有异响4.最近空调制冷效果差,昨晚和朋友出去,开19度后排朋友还冒汗,并且初了出风的声音外,有口哨声,一个字烦!!!被朋友攻击得很没面子,他们说比QQ都不如.今天LP开去4S店,师傅说没什么问题,交米换些风格之类的什么东东就可以了.我不太懂车,正常的保养都交他们S店的小梁业务(顺便说一下,这业务人很好,服务也不错),我不明白为什么保修期内碰到这类问题还要交米!5.保养费用比较大,平均应该在一千以上,几乎每次都有新项目要做,少则三四百多则五六百.我QQ745870831,很少上论坛,欢迎同类车2.5朋友多交流,向大家学习.
1|20161102104819|176|788|进入副驾驶之后发现副驾驶下方脚垫上有漏水的痕迹
1|20161102104819|176|795|同志们家的安安驾驶座位下面的储物柜的那个门是不是关不紧啊
1|20161102104819|176|796|右边的位置总会翘起来一块
1|20161102104819|194|868|二代蓝鸟自动挡停车后为啥钥匙拔不出来啊
1|20161102104819|194|869|启动后不动钥匙挂不上档，请教高手，谢谢
1|20161102104819|206|906|、最后发现30W的车竟然没倒车雷达
1|20161102104819|218|992|途胜2.0两驱自动挡我开到130方向有点抖我就没在敢给油了
1|20161102104819|224|1062|现在上坡的时候转速达到4500转才跑120公里，平时加速的时候也是转速上去了却跑不起来，感觉没劲使的，这是什么原因啊
1|20161102104819|227|1068|我的车4万公里刚过，就出现3个问题后轮轴承噪音，方向盘噪音，减震器漏油
1|20161102104819|230|1075|天气很热的时候，高速行驶不制冷
1|20161102104819|285|1394|一段时间以后，车里就会变得又黏又脏，甚至有异味出现
1|20161102104819|292|1491|我是开着东风本田红思域去的，咋一看小威，不知是不是裸车的缘故，觉得档次很低，颜色也不好看，不鲜艳，所以兴奋感始终没有，心里一直觉得订金交太早，没有选择FUCOS而后悔
1|20161102104819|315|1597|"我去南京的时候(2000km)空调突然不工作了,也是下大雨的天.解决办法:停车熄火后再起动!!希望现代""CallBack""SentaFe..新车这样让我感觉真的失望!!!!"
1|20161102104819|360|1731|达达的二排座椅摩擦声音真烦人，谁知道怎么才能消除，高人指点
1|20161102104819|359|1730|刚买的DD车,USB存了好多歌曲,连接后却读不出来不知道是什么原因,有知道的大虾请告诉我一下,谢谢啦
1|20161102104819|373|1753|郁闷~~~小威副驾玻璃上不去了，刚两百多公里啊·~下午把前排两窗户打开，熄火，椅子放倒，在树荫下小憩~小憩过后，着车，回家终于还是耐不住高温，决定空调一下（第100元油跑了200公里整，全程空调，80%市区，百公里8.2个油，第二箱计划不开空调的）突然发现从主驾驶无法关闭副驾驶窗户了，按“锁窗键”没用，再按，还没动静趁着红绿灯，从副驾驶门按钮控制，还是没反应心中盘算着，这个点了，4S还有人么
1|20161102104819|384|1810|我也是反复思考，根据我家的实际觉得第三排座椅用处不大，但是放零碎东西的地方太少，这也是很多朋友对新圣达有些不满意的地方
1|20161102104819|390|1818|"我去年12月初买的2.5皇冠到现在8个月多点!现在车路上有什么颠簸都""喀吱喀吱""的响个不停!完全影响到我的心情!那东西能保修吗?我看网上也有很多人反应这个问题!不知道大哥大姐们是怎么解决的."
1|20161102104819|398|1834|中控台异响.前阵子很轻微的响声，我找遍了各处，没找到
1|20161102104819|400|1839|??????我的途安车今天出现一个很奇怪的问题：就是停车拔钥匙的时间钥匙却拔不出来
1|20161102104819|415|1884|我的达达启动1分钟后，就会有叮叮的响声，听上去很脆
1|20161102104819|415|1885|上次去4S店检查说没问题，回来后请了个专业的师傅，说是活气碳罐单向阀（名称不知道准不准确）发出的声音
1|20161102104819|451|2003|升降时总是响，一听就是胶条和玻璃摩擦的响声，那位朋有有法子说一下先谢了啊
1|20161102104819|461|2055|天窗没有，气囊也没有，后空调也没有，简直就是面包车
1|20161102104819|465|2062|我突然发现车的前端左右两侧热度不一样~
1|20161102104819|465|2063|左侧靠近玻璃的位置比右侧的要热，这是问题吗
1|20161102104819|465|2064|用手测试温度能明显的感觉不一样~
1|20161102104819|479|2175|各位，我刚买的途安，这两天发现座椅加热处于0的关闭状态，但驾驶三四十分钟后，驾驶员的座椅后背就很热了，像是开了电加热一样，你们有吗
1|20161102104819|480|2177|方向有异响，正常行驶一段时间后，向左回方向时感觉方向盘里面像碰到什么东西一样，“吭”一下，不连贯，4S店说是方向盘的自由间隙总感觉他们说的不对，望请赐教
1|20161102104819|487|2234|我的红色VV在等待一个月零6天后终于提到了，自我感觉超漂亮的刚刚上午开回来的时候发觉踩刹车有声音，嘎嘎的声音，请问正常吗
1|20161102104819|515|2297|但是怠速很静，，很静音箱，不好，高音低音做的都不好，，基本是垃圾音质耗油，老生常谈，市区基本20L/KM，，，不知道是不是车有什么问题
1|20161102104819|517|2314|整车最大的缺陷就是那款4前速的自动变速箱，虽说它的换挡平顺性、直接性都非常出色，但少了一个档位让整车的性能表现降低不少
1|20161102104819|522|2327|DD音响太差了和我以前的面包车一样
1|20161102104819|535|2370|很郁闷~~~~~新车1500副驾前面有异响~特别是晚上关窗开车听着很烦，很烦~~~~~~~~
1|20161102104819|544|2470|外观黑色比较经典，但是太老气
1|20161102104819|544|2472|内饰黑色看上去帅，但是感觉容易留下手印
1|20161102104819|548|2516|???请大家搜索奥德赛外八现象就会出现很多用户的投诉~而且4S店根本就是垃圾，只知道推卸责任和叫你换零件：可是却修不好
1|20161102104819|558|2542|"请问我的车在凉车启动的时候,车辆1档行驶踩刹车有很刺耳的声音(就像自行车闸皮摩擦车轱辘的声音""吱.."".声音不算是很大),行驶1公里后/热车之后在踩刹车就没有这样的声音了.凉车挂到当踩刹车就没有这样的声音.(最近发现的.由于上车我就听歌所以一直没有注意..这几天注意到了...郁闷呢..谁有知道的麻烦给个回应谢谢"
1|20161102104819|566|2580|我的新小威，为什么每次起步时，一旦松刹车、转向时就会发生异响，感觉是摩擦的声音
1|20161102104819|583|2671|两天前家人说车子的左后门从里面打不开，今天一试果然如此，反复调整司机旁边的中央门控锁还是这样，但从外面可以打开，而且通过遥控器锁车一切正常
1|20161102104819|599|2763|"?今天提2.5特别版,发动机声音很大,我选车时一量行驶10KM,一辆4KM,我选进听出了这台车怠速音大,想是刚行4KM,跑一下就好了,就选了一辆行驶里程少的,结果今天行了60KM了,还是怠嗓大,在驾驶室内很明显,会不会和下面的例子有类同呢,各位请指教??故障现象：一辆装备2JZ—GE电喷发动机的丰田皇冠（3．0）轿车发动机启动后怠速不稳
1|20161102104819|627|2943|广本厂应该更加珍惜这一品牌，由于设计上该车无法调整后倾角，造成后轮吃胎的硬伤
1|20161102104819|673|3133|买车的时候4S说给我装的是原厂的倒车雷达(收了我1000元).但实际上装上去的倒车雷达连300元都不用.而且那个倒车雷达还经常失灵.明明后面没东西它却叫个不停.明明后面有东西的时候它却一声不响..10次倒车总有4到5次是这样.我买车的合同上只写着倒车雷达..那我现在应不应该强硬的要4S换别的倒车雷达给我呢?下面这个就是倒车雷达失灵的时候搞到的.它一直没响,但一响就已经.......
1|20161102104819|675|3146|我车的毛病有三个，空调制冷慢而且不凉
1|20161102104819|675|3147|副驾驶门有时关不上
1|20161102104819|675|3148|高速160迈，非常响的风鸣声（有人说是速度太快，提醒
1|20161102104819|678|3159|请大家帮忙参考一下我现在的车奥迪A61.8T感觉动力有点小
1|20161102104819|720|3537|在平路上有时车身摇晃的厉害的，而且感觉两个前轮与地面的夹角不同的，开长途时，左边腰部很疼的，不知道是哪里问题，请教高手的，
1|20161102104819|737|3746|只是跑了20多公里，用手背贴在轮胎侧面上，挺热的，是不是正常啊
1|20161102104819|740|3753|别说DD手档操作还真过瘾，以前说DD提速慢的建议你试试手动模式，真的有赛车的感觉，不到3档就过120公里了，不过机器声真的很大，由于路上车多，最高只到了170公里
1|20161102104819|805|4147|~?途途缺点也有，比如说后备箱发出的莫名其妙的“咯吱声”，高速行驶发动机出现的一种比较沉闷的“低轰”声等等吧，可?想什么车?可以造的那么完美，我没见过，也没听过，平和的接受小问题，慢慢去解决，这是一个爱车一族的理想心态
1|20161102104819|806|4151|皇冠点烟器没电是什么原因
1|20161102104819|822|4213|没有扶手箱太别钮不方便
1|20161102104819|825|4224|稍不满意的是噪音，80～110的噪音还可以接受，过110后就有些敲鼓的声音了，应该是发动机的，不只是胎噪
1|20161102104819|825|4225|因为高速公路全程抓拍超速，只在一直线段，加油到140，稍有点飘，但可以接受，只是噪音太大报告完毕提个问题：像我这个车，总里程没过3000，就连着跑了2个多小时的高速，对车子的磨合没损伤吧
1|20161102104819|834|4266|各位安友：我的安安等红灯、怠速时，发动机转几下就抖一下，是正常吗
1|20161102104819|834|4267|抖动很明显
1|20161102104819|838|4326|各位车主小弟的中门老是不好开，请教是怎么回事，要怎么弄才好开
1|20161102104819|862|4392|动力下降
1|20161102104819|862|4393|空调不凉
1|20161102104819|863|4395|前几天将阿皇带回家，当时4S店说油量表有问题但已修好，放心提车，这几天毛病又来了
1|20161102104819|863|4396|加了300多元的97油，跑了不到200公里就出现低油量警告
1|20161102104819|872|4458|车主李先生对方面的答复感觉相当不满意，认为作为国内知名车企，在已经做出事故鉴定报告的前提下，仍旧一再推诿不愿承担责任，而经销商方面也没有积极解决问题的态度，是完全无视消费者权益的行为
1|20161102104819|874|4486|外观没的说，性能也很棒，就是耗油高，，，，一不小心就上20L
1|20161102104819|883|4513|上坡的时候明显感觉不够力，感觉油门踩下去了也没什么反映，拉不动，这情况和很多车主类似
1|20161102104819|883|4515|定速巡航挺好用的，可以解放我的脚，不过自己还是容易分心，老是看周边的环境，有时突然发现跑偏了，这个是我的老毛病，这里批评一下，下次一定要改；这个车还有一个挺不好的就是后视镜死角太大了，我特别注意了一下，因为很多车主反映过这个问题，只要旁边的车子跟在大概屁股后面的位置，还真的完全不知道有这个车的存在，晕了，要想个办法解决一下；把灯光调到自动调节还是不错的，进了隧道，自动调节，反映也算较快，亮度足够；油耗方面，因为跑的是快速路，油耗大概在10.6个油左右，时速平均60，还算省油，不过一到市区就上得挺快，现在是11.7个，因为市区总共走了也不到几公里，估计13~15个之间是比较正常，只要不超过15个我还是能接受的；倒车影像也算比较清晰，撮合着用呗，电视也可以，加装的锁车后自动关窗功能我觉得挺好用的，对于我这种极容易忘事的人来说是个不错的配置
1|20161102104819|883|4516|总体来说，先说优点吧，配置丰富，车内算是比较安静，乘坐舒适，缺点是动力在没深踩时不够，特别是上坡
1|20161102104819|883|4517|方向盘有点“重”吧，可能是个别情况
1|20161102104819|885|4545|动力实在不怎样，因为本人喜欢加速感，所以可能跟有些朋友感受不一样
1|20161102104819|885|4546|路噪非常明显，做了四门隔音，效果嘛.......被骗了
1|20161102104819|886|4556|还有09款途胜的驾驶座后部高度不能调节了，只能调节前部高度，我记得老途胜是前后高度都能调节的，请问能不能选装这项配置
1|20161102104819|920|4726|我的dd已经7000公里了，最近发现，行驶一段时间以后，在车外能听到“吱吱吱”的声音，打开前盖，发现是发动机左侧皮带发出的声音，用水稍微一浇，声音消失
1|20161102104819|958|4919|2、起车很慢，油门踩下去，反映很迟钝
1|20161102104819|958|4926|3、新车都不带自动落锁功能吗
1|20161102104819|964|4944|相对于靓丽的外表而言，新胜达的内饰做工真的很糙，大部分区域都有很强的塑料感，不要说和雅阁或凯美瑞这个级别的车比，就是和十来万的福克斯或者思域花冠比都要差些，30万的车，我感觉不应爱这样（不过联想到韩国国内价格是14w-21w，也比较吻合了）
1|20161102104819|964|4945|看过上上周车展上的新索兰托了，外形还是没有新胜达大气，而且没有7座，但是内饰做工个人感觉要比新胜达好一些
1|20161102104819|995|5186|装饰完后，一出门五分钟我就发现方向盘向右偏，当时感觉心里特别不舒服，方向回到正位上后，车严重向左偏
1|20161102104819|995|5191|到家一个星期，亲爱的女友就为爱车网购了行李架，是胶粘的，刚装好就赶上骤雨，没几天就开胶了，只能重新固定了
1|20161102104819|995|5201|目前问题一就是轮胎位正，方向盘向右偏，二是右前玻璃升到顶后会自动下来，时不时出现这个问题，也不知道什么原因，也不知道要不要索赔
1|20161102104819|995|5203|三是遇到稍稍路况差一点的时候，车内有异响
1|20161102105319|2|6|南宁4S店报价440元，人工费195元，高了，不知在汽配城安装的产品跟4S店的产品会有什么不同，比如用了半年抖抖就烂了
1|20161102105319|18|68|主驾玻璃今天早上突然不可以一件上升了?其他功能不影响一直按住可以上升可以下降就是没有一键功能??其他玻璃可以一件上升下降?怎么办
1|20161102105319|24|81|????最近启动车时会发现有时速度表会猛升到70码以上，原来看到也有一些车友出现了这个问题?不知道查明是什么原因没，有没有什么解决的办法????启动车时，档位在空档，也踩了离合，油门没有问题
1|20161102105319|25|82|金刚开了两年了，没用过暧风，昨天试了试，半个小时了车里还是冷的，咋用
1|20161102105319|31|97|我的车跑了尽3万多公里?变速器1挡跳2挡的时候有冲车的感觉这是咋个一回事尼
1|20161102105319|41|129|小V的怠速有些低，不知为何这样设计，每次起步都要先给些油，再松离合，起步总是顿挫，或者3000转，真是烦恼
1|20161102105319|51|154|我的小V只要到稍微颠的地方就会出现老鼠叫20161102105319|51|156|还有就是仪表板老是会有抖动的声音出现
1|20161102105319|85|271|雅阁在高速时刹车抖，想知道奥德赛抖不
1|20161102105319|93|304|今天一朋友借车,途中加油,但他找不到打开油箱盖的开关,说用大力拉了几下后备厢盖开关,现在在车内用开关打开后备箱的时候,完全打不开,请问有朋友遇到过这种问题吗?是否需要修理?谢谢大家
1|20161102105319|97|335|????最近心情郁闷，各位车友凑合看看吧
1|20161102105319|108|374|第二，发动机的胶垫出现多处漏油
1|20161102105319|108|376|所以有时过冷，关了又热，调至热方一点又觉得太可惜
1|20161102105319|108|378|第四，防震器太差，前面的都换了
1|20161102105319|108|379|第五，刹车泵坏了，换了
1|20161102105319|109|382|还有金刚的暖风很棒，常时间开着，真的还受不了呀（够热的）
1|20161102105319|115|410|?????????今天跟同事一起去提车，2.5XS森林人，刚到4S店，看见隔壁有一辆新索，这还是第一次看见真的新索，因为一直在这几个车里徘徊，所以看见了之后就去看了看，内饰一般般，确实有点粗糙，全景天窗也就那么回事，也不是7座，看来我是应该彻底死心了
1|20161102105319|115|412|其实我也知道森林人的动力也好，操控性也不错，但是好像内饰等有点差，因为每个人买车都有自己的出发点，可能自己还是有一点点要面子的感觉，我觉得这也是人之常情，嘿嘿，我们这儿的4S，少了28.5不卖，看来只有去北京了，昨天电话联系了一下鸿都，27.3的基础上好像还可以送点东西，去了再说吧
1|20161102105319|118|428|去年11月底购入特别版,用得不多刚好跑了1W公里.使用过程中发现以下几个毛病,不知道各位的车车有没有这些问题:1.提车回来的路上时就发现一毛病:天窗微翘时,门把手进风严重;2.发动机首保后发现:开空调时发动机间隔几秒有轻微震荡(震荡很小,在车库里才能感觉到)3.前几天去车库开车时,开了几米感觉声音不对,下车一看,右后轮全瘪~~!但是胎压监测没有显示!(不知道是不是胎压监测系统只监测前胎)再：请问坛子里有哪位DX安装了雷达测速装置
1|20161102105319|118|429|介绍下咯，拿朋友的朗视通X5带反雷达的，用了一段时间，效果很差
1|20161102105319|124|454|大家帮分析下平整路面不响就是到颠簸路面速度还不快也就是1-2档你就听到后面有嘎吱嘎吱的响声我个人感觉是减震响我的车才跑2300KM不到2个月能这么快就暴露吉利的减震真是不行还是通病啊
1|20161102105319|125|455|新车提回家，让人最难受的就是新车里面气味，假如长时间闻这个气味人会受到伤害，明显的就是头痛，【新车有味期间小孩少坐】这个味道可以用水果中的橙子或柚子的皮在放新车中2到3天，【后备箱也放一些】这个味道就基本没有了
1|20161102105319|125|456|【新车千万别放香水，会味道更加重更浓】
1|20161102105319|147|621|这段时间着车后在车外听气门声非常响啊，比捷达的还响
1|20161102105319|153|629|我的金刚车是去年买的，现在天冷了，我的金刚早上起来转向时偶尔有“吱悠”一下的异响，但开一会儿就没响声了
1|20161102105319|155|636|在论坛上都说新胜达怎么怎么的好,在这里请大家说说她的缺点吧.我自己先说:1.波棍太小.?????????????????????2.排档位不够高,高过坐椅就GOOD了.请大家多多发表意见!!共同探讨!!???????????
1|20161102105319|156|637|以前DD是一打火就着车，今天启动的时候发现一下打不着车，得哼哧哼哧三四秒，才能着车，而且发生了三次，没有想明白啥原因，请教高手们
1|20161102105319|171|689|起火后，手松开钥匙时就会发出ZZZZZZZZZ的声音，就像是马达的声音（以前没有这种声音出现），不知道是不是马达有问题呢
1|20161102105319|173|692|这两天车挂倒档哐哐响，而且车身随着响声抖动
1|20161102105319|179|747|"辽宁葫芦岛的08年9月买的新车1.6手动，空间还可以，到手后发现，在拐直角弯用2档20迈，车前面有""格格''的声响，到四s店检查说正常脱档，车速低
1|20161102105319|179|748|09年7月开空调发现有异味，到4s店检查，说空调蒸发箱脏了要清洗，需要500多元，还是不拆下来，清洗完也不能保证没有味，在保范围内不免费，我感觉向抢钱呢
1|20161102105319|187|777|我前天提的金刚二代标准型，感觉油表忽高忽低，不太准
1|20161102105319|204|826|?今天倒车把后保险杠撞了，途胜的倒车太一般了
1|20161102105319|204|827|一点都没响就装电线杆了
1|20161102105319|206|831|最近发现好多威驰车友对暖风除雾提出了好多问题，我给大家详细讲解，来解决一下这个问题，我也只是个汽车爱好者而已，平时积累了一些经验，说的不对的地方还请各位老大嘴下留情，谢谢
1|20161102105319|211|861|听说底盘是不是感觉很低啊
1|20161102105319|217|881|然后我发现我倒车的时候挂挡时总有嘎嘎吱吱的声音，像档位没挂进的声音，可是就算我离合器没踩到底，但是档位是正常挂上的，并可以倒车的啊，为什么还会有这样的声音呢
1|20161102105319|245|930|????????之前改了国产蓝色LED示宽灯、牌照灯和国产折叠钥匙，但是国产的东西质量实在不敢恭维
1|20161102105319|245|931|4支LED灯几乎一周爆一支，当时在淘宝上买了6支结果不到2个月就全部提前退休了
1|20161102105319|245|933|这次用国货彻底用伤心了，后来不得不找朋友从国内帮忙买了进口的LED示宽灯和韩国产的折叠钥匙
1|20161102105319|256|980|本人购入X0雅智版一台，颜色古铜色，在使用USB播放音乐时遇到不解问题如下：专为爱车新买Kingstong4GU盘插上去之后，经过音响屏幕装载N久，最后显示无法装载
1|20161102105319|259|997|我的刚刚是2代手标，才买2个月不到，今天发现一通电就亮了几个灯，分别是：充放电警告灯、发动机油压力警告灯、发动机故障警告灯
1|20161102105319|259|1000|另：晚上一开灯后车窗除霜器的灯的就亮了，怎么都按不灭，这要怎么办
1|20161102105319|261|1007|近2-3各月我的DD突然有了异响，凉车加油时到2000转左右有沙沙声，前天去沈阳的4S看了看，他们也不能确定是什么毛病，开始说怀疑是变速箱里面响（吓了我一跳啊）后来来个个什么主任他听了听说是消音器里面得，真实郁闷啊，我的车跑了18000了13000的时候有事没去做保养妈的告诉我这就算是过保了，真***不合理啊
1|20161102105319|270|1034|座椅有活动间隙，一停车就动一下，你说烦不烦，到4S问能不能修，回答是修不了，得换一个座椅
1|20161102105319|270|1038|我是07款顶配导航版，买回去就发现玻璃器喷水有问题，还好4S给换了配件，喇叭按的时间长一点就有一个低音断断续续，4S也给换了，可还是不好使，他们说没办法就这样了
1|20161102105319|270|1039|后轮有点八字脚，当时没过保修期是找4S说没办法，等过了保修期去一问说可以换可调的后拉臂，晕
1|20161102105319|270|1040|跑了4万多就光了一次刹车盘，4S建议换成一种新盘，说质量好的多
1|20161102105319|270|1041|一直就听着后轴跑起来嗡嗡响，4S说可能是轮胎有问题，我换成了米其林进口的胎，用了几天又听见了声音，到现在还没去整呢
1|20161102105319|275|1096|本人十分紧张，因为是晚上9点多了，修车找人不方便，就急忙往回返（老婆连商场门都没捞着进怕坏在半道更麻烦），一路听着安安不同于以往的沉闷声音，心情极度郁闷，好歹一路顺利返回家
1|20161102105319|279|1120|不知道大家是不是和我的有一样的感觉啊，皇冠的刹车好像不是我们想像的哪么好啊时速到80以上就是刹不住啊，而且刹车行距太长了，要踩很底啊，最好是踩两脚啊，请大家说说你们是不是有这样的情况啊，四S店人员说这是正常的
1|20161102105319|282|1125|一场大雪后，本人购买不到3月的安安前挡风玻璃的左下方竟然破裂了（从内部裂的），到4S店看后他们答应更换，说这种情况很少见，本人居然中彩了
1|20161102105319|291|1158|做工我认为还行“虽未开过车，但坐过很多车，包括豪华车”我认为这金刚配置不低，配置是名牌车10几万的配置，虽然做工不如，差很多
1|20161102105319|291|1159|配件也很粗糙，但这价位我知足
1|20161102105319|305|1212|我的车车刚满一年，这是第二次滴答滴答地漏防冻液了，到底怎么回事捏
1|20161102105319|305|1214|那个零件那么易损
1|20161102105319|316|1241|2009年10月19日提的2.0自途安，今天洗车发现：4个车门底端的密封条都有部分脱胶
1|20161102105319|319|1246|偶的新车，过500KM之后路过不平路段的时候，天窗吱牛吱牛响，像是哪里摩擦的声音
1|20161102105319|319|1247|现在3600KM了，今天晚上有出现转速在将近2000的时候，天窗部位共振嗡嗡响
1|20161102105319|322|1259|??大众的风格，外形看起来比较笨重，相对于毕加索来说就是实在太不起眼了，但是空间比较大，就是后排空间有点紧凑，发动机比较老
1|20161102105319|322|1261|??江淮最近也出新车和悦RS，但是依我来看，这车就一垃圾车
1|20161102105319|322|1262|虽然说是新车，首先外观一看就知道是缩水了，如果再整简单点就一小面包了
1|20161102105319|322|1264|最让人不敢相信的是副驾驶竟然没有安装安全气囊，也太节约成本了
1|20161102105319|322|1265|人家说便宜没好货，用在这车身上是最恰当不过了
1|20161102105319|322|1266|而且这车是棒子底盘、鬼子动力，全是使用韩日淘汰技术，就算价格再便宜我也不会买
1|20161102105319|322|1267|很气愤江淮竟然如此忽悠
1|20161102105319|322|1268|??毕加索有5年都不会过时的外观，视野也够广，就是档位上，比较难挂档
1|20161102105319|322|1270|不习惯吧，价格上面还可以接受，如果在外观，操控上来选，觉得毕加索胜出，途安比较实用，但是价格上面的确偏高
1|20161102105319|322|1271|和悦RS唯一的优点就是便宜，但是其他方面跟毕加索和途安根本不在一个档次，就算是同价位车中，和悦RS无论是做工还是性能都是处于下风的
1|20161102105319|322|1272|可以说和悦RS是江淮的败笔，缺点不足一大堆，优点几乎没有
1|20161102105319|322|1273|毫无价值，不值得入
1|20161102105319|340|1330|我的GG的右边镜片不知道怎么裂了，我上的是全险，不知道保险公司赔不赔
1|20161102105319|357|1386|今年我的北斗星已经5年多了，小毛病越来越多
1|20161102105319|360|1398|后面发动倒正常了，但我突然发现在钥匙打开未发动时，故障灯不灭了（原来钥匙打开后自检几秒故障灯就灭了，我都是等故障灯灭了后才打火的），打着火后故障灯才熄灭
1|20161102105319|359|1395|只要开窗,一停车,味就进来了.倒霉啊,几乎啥事都碰上了.
1|20161102105319|365|1410|决定换辆７座的ＳＵＶ，在网上搜索研究Ｎ月，决定在酷威和新胜达之间作个选择，今天有空去比较了两辆实车，让我轻松决定购买新胜达了，酷威是好车，第二排太窄，第三排也是比较挤，座椅不太舒服
1|20161102105319|372|1449|18寸的6幅铝合金轮毂稍微有些显小，不过样式还算不错
1|20161102105319|374|1544|这里要说明了，因为日系车车皮太薄，车架也不是一体成型，日本人总说溃散好溃散妙，发动机也能溃散吗
1|20161102105319|374|1564|你懂什么?在日本的雅阁后排座椅脚底下可以弹出一个方向盘,这样在断开后后排人员可以操纵.后轮方向了,只不过这项配置到中国.后.给.取消了．．．???事故车断裂后的后半部，看了这个图，一辈子远离本田雅阁
1|20161102105319|374|1566|日本车居然是后座最危险，令人讶异
1|20161102105319|380|1585|我家小威刚买来的时候就发现在车子上顶的内饰上有好多碎头发，面积大约有一个手掌那么大，一开始以为是沾上的，后来发现竟然是嵌在绒内饰里的，好像是生产的时候就混在里面了，好奇怪
1|20161102105319|402|1670|原来用一U盘下了点卡通给孩子看的,看了用一段时间想换一些新的上去,把旧的删了一部份加了点新的上去,可再接上时主机搜不到U盘资料怪了!同时用另外一新U盘接上去也没反应,目录没改,格式跟以上一样都MP4的,电脑上显示到资料,就车上没了踪影,怪!怪!怪!望高手们指点一二.
1|20161102105319|412|1713|今天挂上倒车档时,车还沒动时就发出嗡嗡响和齿轮摩擦声并且车还往前冲几次,车没有移动位置,此时还踩住刹车板的,当时感觉象要息火了但不会,真不敢相信这就是我今年九月底买的新车,我马上换到空档然后再上倒车档就正常.请帮我分析..谢.真怀凝现在的12代车是以前存有问题的现在都拿来清库了
1|20161102105319|414|1719|各位童子们：??????小弟1.3MT威驰，一般我的空调都是开到热风最大处不动（天气冷了嘛），只调节风速的按钮?，需要时开到1或者2挡，不用时就关了（0挡），可是昨天下午回家时就感觉车里特别热，仔细看看发现空调在吹热风，可是开关是0位的，证明已经关了啊怎么还会吹热风呢
1|20161102105319|421|1769|亲爱的哥哥姐姐们，请教两个问题：1.刹车是有种与地面摩擦的呲呲声；2.今天我朋友开我车时拼命的踩油门，呜呜的声音，但是他也是在2000转的时候换挡，但是我感觉车子一下子提速快让小威的声音好大
1|20161102105319|439|1893|?????今天早上我去上班,大概行驶了10公里左右,前面有公交车进站,我点了一下刹车(当时车速40公里左右),突然制动板有向上抬的感觉,并且从刹车板下面传来像打齿轮的声音.当时不我吓出了冷汗,后来又多次踩刹车没有再出现类似问题,打电话问4S店师傅说是刹车辅助系统EBD正常工作,但是我踩刹车是很温柔的怎么会EBD的问题呢,请高手指点一下.谢谢了
1|20161102105319|453|1947|?我的车45000公里了40000公里时我就发现天窗前面（就是天窗开关周围）有异响，吱吱声，尤其在慢车是很烦人
1|20161102105319|481|2024|缺点吗：样子一般般，尾部设计好像没有老款的顺眼
1|20161102105319|481|2025|最重要的是，没有优惠，豪华版25万多，价格高了些
1|20161102105319|481|2026|车门在开关时，感觉分量比欧美车轻，有点担心安全性
1|20161102105319|481|2027|?上周还去看过S-MAX，空间蛮宽的，样子漂亮，氙气车灯智能转向辅助，豪华版优惠价格20万出头，性价比高，就是EBA、ESP和TCS不是标配，车身重，担心油耗，另外，网上看到很多车主投诉Max有小毛病
1|20161102105319|495|2128|上次出去钓鱼，开的时候心有点急，换挡时听到齿轮哐当响了一下，心疼啊
1|20161102105319|508|2219|感觉4S店不够专业，车主不说就其它的都不检查，没耐心，不细心，不厚道，连我前档上的胶条脱出来了也不看，不帮弄，鄙视一下~
1|20161102105319|510|2229|后座卡扣老是扣不上，今天我开车老是有咯吱咯吱的响声，一看后座是松的，根本就卡不上去，有一个U型卡子还是斜的，根本就上不去，不管用多大的力气都卡不上，郁闷啊
1|20161102105319|538|2315|有3点问题：1、平均油耗一开始有23，晕啊
1|20161102105319|538|2318|2、不习惯手刹，3次带着手刹开车，心痛啊
1|20161102105319|538|2319|3、我是2.5导航，感觉导航怎么走弯路啊
1|20161102105319|540|2340|开1.6MT快3个月了2挡骀速行驶时候（车速不到20）想加速轻踩油门车子总是会顿一下（期间油门未放松，也没有踩离合）1.6MT车友也有这个问题么
1|20161102105319|573|2482|伤心死啦最近看到论坛里说升级声纳防盗今天俺也兴致勃勃的杀去4S店等了半天那个GG来句免材料费升级只针对智能无匙启动系列的车唉
1|20161102105319|579|2551|跑起来，只感觉到胎噪，而且仅两天感觉特别明显
1|20161102105319|579|2554|再有就是还有轻微的臭味
1|20161102105319|606|2655|还没首保发动机声音感觉比以前大
1|20161102105319|606|2656|还有挂档的时候有响声，而且在室外能听得很清楚，请问这是怎么回事，这正常吗
1|20161102105319|612|2678|1.6AT,起步时速度不好控制，总是一窜一窜的，都一年了，还是控制不好
1|20161102105319|614|2686|有没有DD专用的无骨雨刮?4S除外哈,地球人都知道很贵.如果没有DD专用的,那什么牌子的好些?我以前换过一个,质量很差,刮不干净不说,声音还很大,真担心把玻璃刮坏了.
1|20161102105319|644|2896|11月13日购车，开了205公里，感觉车门上边的缝隙较其它的车要大一些，真有些不好看，网上淘宝的车窗装饰条四根，只是装饰车窗下边缘的，请高手指教上边的缝隙如何美观大方好看
1|20161102105319|647|2902|原车的dvd真的相当的垃圾，音质超级差，还频繁出问题
1|20161102105319|647|2903|导航也不怎么好用，我已经换了4门喇叭了，功放也加了，但还是很不理想，老是有电流杂音
1|20161102105319|648|2906|1.6AT的，早上起来打着车，然后下车检查轮胎什么的，总闻到一股汽油味
1|20161102105319|649|2921|2.前方视野较好（听网友说奇瑞A3的A柱有些挡，但没试驾不能定论）缺点（这个主要说说）：1.???试乘试驾时，先是试乘，感觉副驾驶座位短，我个头一般，都感觉腿要搭外面了（夸张
1|20161102105319|649|2922|）2.???车门摁下去时有异样感觉，咔嚓咔嚓的像冰碴子在里面
1|20161102105319|649|2923|3.???60公里左右时，仪表盘附近传来轻微吱吱扭扭的声音，虽然不影响什么，但还是能够听到，我问ssss小伙，他解释说可能是试驾的人多了造成的，这理由有点不能令人相信，但愿这是个例
1|20161102105319|649|2924|4.???离合器太硬，不是那种硬但能踩到底儿那种，是那种又硬又没有韧性那种，与比亚迪F6（夏天时试驾过）极其相似，都硬
1|20161102105319|651|2957|二、铝合金轮毂：仅为好看，钢轮毂加个外套也漂亮而且成本更低；三、倒车雷达：只会是个鸡肋，倒车时仍然要朝后看，谁用谁知道；四、真皮坐椅：十万元左右的私车，你想能有啥好皮一般皮味道重，也不便清洗，而且表面光滑，不及绒布运动感强
1|20161102105319|661|2994|????回过神来后，总觉得就这个速度踩下去好像没有急刹住的感觉，开了一个多月的体会，就觉得安安的刹车有些软（或者说是刹车的踏板间隙大），好在咱从来不喜欢开快车，也正在积极的适应这个刹车
1|20161102105319|702|3178|威驰１．６ＡＴ新车３００公里．今天发现起步松刹车听到＂嘎＂的声响（倒车起步也有，但声音小一点）．正常行走刹车没声响．不知是否有问题
1|20161102105319|771|3522|我的新车发动机的声音跟柴油机很像是什么毛病
1|20161102105319|771|3523|今天停车时好像有嗒嗒的声响
1|20161102105319|791|3571|昨天去野外一次，发现后门有吱吱响
1|20161102105319|837|3850|皇冠新车气味太重了呀,我买车三个月了,车内气味还是很重.
1|20161102105319|838|3852|发现待速的时候车有轻微的抖动
1|20161102105319|852|3915|最近几天我车上的GPS老无缘无故报警（就是GPS车载电话拨打我手机）：车一停（没有熄火），副驾驶下人，报警
1|20161102105319|852|3916|要不就是我下车后锁门分钟后也会报警
1|20161102105319|852|3920|对了还有就是车上点烟器突然也不能用了，插上不来电
1|20161102105319|857|3934|刚开始按下的时候声音还可以，但接下不动，一秒钟声音就变哑了，
1|20161102105319|892|4103|??????????第2次故障是：提车后5天，早上起来开车听到很刺耳的皮带打滑声音
1|20161102105319|892|4106|去维修站要求跟换皮带，谁知道拆开皮带一看有2条皮带蹦了
1|20161102105319|892|4111|忘了是怎么时间了，在关右后门的车窗的时候怎么听到了哒哒哒哒的声音，很响的
1|20161102105319|892|4118|???????第4次故障：就是第40天左右，在每次开车的时候1档起放离合的时候老是听到有嗡嗡的声音传了这个声音是有节奏的
1|20161102105319|892|4119|随着油门的加大声音就越紧凑
1|20161102105319|894|4139|东风风行，烂车一个，除了4G94这个机头不错，全车没有个好东西，空调不冷又吵，波箱难挂，也吵，跟机头一点也没有匹配好，传动轴用几个月就响，十字节就要换，后桥就更不用说，跑高速100鬼叫一样
1|20161102105319|913|4262|换完油后感觉冷车启动怠速降得更快了，声音跟以前差不多
1|20161102105319|913|4263|售后的态度冷冰冰，下次换个店做
1|20161102105319|935|4336|请问最近发现冷车启动后面排气管都会排除一些水，请问是什么问题呢能说下吗，其他D友有没有同样的情况
1|20161102105319|962|4466|各位的刹车都灵敏吗，刚提车时感觉还可以，最近感觉有踩不死的感觉，好像ABS提前启动造成刹车距离变长
1|20161102105319|988|4561|今天发现车下的后面部分过坑有异响，有点像摩擦的声音，又有点像敲鼓的声音，是后减震部分的位置，各位高手能不能告诉我是怎么回事，我的刚刚现在1500公里
1|20161102105319|991|4578|感觉雨燕真不值找个钱5万9千8，应该是超值版的说说缺点吧：1.后视镜是手动的2.后两个门手动玻璃3.没有中控锁，每次都要插钥匙手动开车门锁车门4.离合，刹车，油门踏板感觉行程特别短，而且比较硬5.不知道是怠速太低还是怎么回事，不加油门，只送离合起步车100%，憋死，我的金刚完全可以单松离合不给油起步
1|20161102105319|991|4579|6.合资车的选材也不怎么样，感觉跟金刚没什么区别，感觉有个别地方做工比金刚要空洞的多
1|20161102105319|991|4580|7.音响系统，最多可能是4喇叭，金刚最后面还有两个大喇叭
1|20161102105319|991|4581|8.不能放CD，也没有存储设备接口
1|20161102105319|991|4582|只能买FM信号的MP3播放器9.轮毂是钢圈，外面扣的塑料壳子10.仪表盘应该是不显示灯光使用状况，要么就是显示不全，近光，远光，雾灯
20161102115830|90|661|是的，让大家头疼的异响
20161102115830|237|1391|这车最大的问题就是路噪、胎噪真的很大（我感觉是很不舒服的那种，像飞机飞行时那种感觉），再就是悬挂避震系统很一般
20161102115830|257|1493|Xl方向好重?开车好累
20161102115830|273|1695|4、隔音效果不好
20161102115830|273|1698|5、板金的确不好
20161102115830|301|1843|关于档位，我觉得倒档不是很好挂，五档基本没挂过，时速没有高过60
20161102115830|334|2090|说说缺点，空调风扇的噪音大
20161102115830|334|2091|手动挡档位感觉不扎实，很飘像面包车，比不上福克斯的手动挡挂档有厚重感
20161102115830|336|2099|内饰确实差点，不过这个价位，不可能尽善尽美的
20161102115830|446|2641|后排座椅坐垫有点平支撑点不是太好
20161102115830|448|2653|Q5有点像二奶车，大老爷们儿进去感觉有点奇怪，特别是后排更是憋屈
20161102115830|497|2862|小弟听说噪音大的离谱
20161102115830|499|2891|就是视野不太好
20161102115830|556|3168|中控台造型略显简约，大量塑料材质的使用，以及相对粗糙的做工，为整体降低了质感
20161102115830|562|3190|???先说说车的情况，目前跑了18000公里，以宽容的心对待它，我看这车也还行，目前只感觉风噪、胎噪大点、减震差点，其他我看都还好
20161102115830|617|3473|风扇启动了驾驶室内噪音瞌不是一般的大
20161102115830|661|3750|明显感觉向左转弯的时候，方向盘间隙很稍稍有点大、回盘慢、力度小
20161102115830|867|4835|这么厉害的油耗
20161102115830|919|5069|好丑的suv,说是面包车可以理解
20161102115830|973|5367|GX7?在天一广场展出，去看了看，外表不大气，内饰一般，特另是前面的拓界太粗糙
20161102115830|980|5390|）内饰塑料感太强，气味很重
20161102115830|1|3|4S太贵啦
20161102115830|28|258|用车一年也出现过异响，转向异响，加油门到1000转异响，当时真的很烦
20161102115830|28|267|最受不了的是早上冷车启动异响
20161102115830|31|279|今天早上用遥控器打开门进去关门发动车还没起步就自动上锁了，这几天时好时坏
20161102115830|48|360|这在小空间位置的出入库上是个问题
20161102115830|48|364|第二，车内中央后视镜位置不妥
20161102115830|48|366|加上单厢车的大倾角玻璃，使得中央后视镜的位置显得特别低、特别后，离驾驶员特别近
20161102115830|48|369|此言不虚，但无论如何调整，始终都很碍眼
20161102115830|48|371|第三，电动车窗按钮位置不对
20161102115830|48|376|第四，电动车窗没有防夹功能
20161102115830|48|379|第五，雨刷操作杆外形设置不合理
20161102115830|48|386|第六，扶手箱设计不合理
20161102115830|48|393|第七，定速巡航无显示
20161102115830|48|397|第八，音响设计有问题
20161102115830|48|399|第一小点，AUX插口设置不合理
20161102115830|48|407|第二小点，是没有音量大小的显示
20161102115830|48|412|第九，对汽油太挑剔
20161102115830|56|438|拧钥匙听着发动机孱弱的转动声，心疼啊
20161102115830|83|578|殊不知却要花费大量的票子去维修车子
20161102115830|83|585|另外合资车也很贵，要是没点积蓄，是没法买的
20161102115830|83|586|国产车，风神A60国产车给人的一贯印象就是刻板，方方正正，非常传统，没有什么创意，不敢突破
20161102115830|85|601|每次停完车后经常听到响声，就好像漏油的声音
20161102115830|86|606|手刹不是电子的，有点遗憾，用的是脚刹方式，导致那个位置左脚感觉放的不是太舒服
20161102115830|90|660|但是最近有个问题让我有点小不爽，还是异响
20161102115830|90|663|可是最近不知道咋地，车子速度一到80左右的时候总感觉右后门那边漏风
20161102115830|123|742|朋友开了一次烟灰盒卡住了，
20161102115830|124|744|??最近开途胜（2.0手动时尚）的时候，发现在踩下离合换挡的时候，转速表会瞬间提高转速
20161102115830|129|756|我在1W公里的时候节气门脏了，症状就是点火后转速不稳定，还出现了一次灭火
20161102115830|129|758|?现在1.7W公里了，又出现了点火后转速不稳定的现象
20161102115830|129|763|??节气门怎么那么脆弱呢
20161102115830|134|773|今天全家出去钓鱼，快七点了，准备往回返，没想到，车竟然通电都不行，车钥匙根本扭不动
20161102115830|148|825|后来老爸说这车太小了，再找
20161102115830|163|874|二个是油门太轻，脚用不上力，目前我还是摸索中，找不到完善的方法（主要是没有合理的配件）
20161102115830|165|895|不过这个灯确实不够亮
20161102115830|208|1154|爱丽舍科技型不合格产品进卖场，坑爹
20161102115830|208|1159|加上购车时就发现车怠速不稳，这心里可真是急呀，让人心里赌的很
20161102115830|226|1283|连气囊都没有一个
20161102115830|233|1369|小毛病确实有
20161102115830|234|1381|我最近想换车，这油耗让我有点纠结了
20161102115830|238|1395|进口18i，一年车，一直有这个问题：收油门后（完全抬起），会听到“嗡～～～”的持续声音（就像发动机熄火时的声音加长版），特别是在低速或速度较低时，明显
20161102115830|243|1403|副驾驶位置玻璃异响怎末解决啊
20161102115830|259|1520|所以在网上一搜，就只有几样，途观太小，新指南者内饰简陋，科雷傲的内饰不喜欢
20161102115830|267|1626|最近发现踩、放离合时有吱吱的声，仔细听下发现是在变速箱发出的
20161102115830|267|1627|挂四档时，有时听得到吱哪的一声，有时一档不好摘挡
20161102115830|273|1688|不像一些车用过几年发动机就嗡嗡叫
20161102115830|273|1691|3、内饰一般
20161102115830|273|1699|有种铁皮做的感觉，用力压就会变形
20161102115830|273|1701|7、底盘高带来了侧倾大，过急弯时侧倾比较厉害
20161102115830|273|1703|8、悬挂比较软，乘车的人容易晕车
20161102115830|297|1807|????????1、1800公里开始左后轮跑起来滴滴响，本以为是石头卡到轮胎里了，全弄出来还是一样
20161102115830|297|1808|????????2、皮座椅后座的摩擦声音让我一直很烦心
20161102115830|297|1809|????????3、2000公里开始油门和档位发现不对了，油门踩下去像踩进了碎石堆，没有之前的顺滑了，档位也瑟了，很费解，问了车友会的朋友，都说我是幻觉
20161102115830|297|1810|?????????4、塑料的面板很不耐脏，下车不小心用脚碰到，就很难擦掉
20161102115830|305|1927|还有驾驶室玻璃和升降器连接的塑料卡子断了，玻璃降到1/3的时候会抖动，为此还弄坏过一个升降器，找了个代用卡子凑合，效果不理想
20161102115830|334|2092|车窗玻璃太单薄，用手敲击感觉快碎了一般
20161102115830|350|2196|GX7居然没有电子时钟，这点很不应该
20161102115830|374|2357|每次冷车打着时转数只有300、400.抖得厉害，刚开始10秒左右还可以活过来，现在直接抖到熄火，请问是什么问题啊
20161102115830|405|2459|?试驾GX7，转向的时候突然感觉没加力了，方向特重
20161102115830|419|2552|但是索纳塔8的方向盘依然没有K5的帅?有没有同感受的
20161102115830|465|2745|有人说世嘉的手动，也不是很好挂
20161102115830|470|2781|?????????????????????????????????????第二，捷达，同样跟普桑同时代的过时汽车，同样老旧的技术，源源不断地小毛病，用了快30年的发动机，还在用，这完全是一种欺诈，却被说成传奇，超高的油耗，不达标的尾气排放，安全性不足2星的捷达却被说成皮实，坚固，政府放着自己民族品牌不用硬是捧这些垃圾，完全是大众与腐败政府的阴谋
20161102115830|483|2805|我的车刚买，发动车之后一直会有打开钥匙自检那个跑气的声音，是在车底的中部
20161102115830|497|2865|我知道隔音降噪跟奔驰没法比（但其实奔驰C我也开过，觉得隔音也一般啊
20161102115830|499|2878|说实话日韩小车有点揪心
20161102115830|499|2879|大众欧美有点贵了
20161102115830|499|2884|可是那个175的小轮子实在闹心
20161102115830|499|2885|地盘又那么低~
20161102115830|499|2892|座椅挺硬的
20161102115830|513|3002|对车也一样，变速器已经听着声音很暴躁了，你还在那里不换档，那肯定不是和谐的状态，你的油耗不会太低，你的磨损不会小
20161102115830|529|3061|做工一般般
20161102115830|529|3064|不管你信不信，这挂钩我是不敢用的，做工太糙了
20161102115830|538|3098|我的左前门有异响，是怎么回事
20161102115830|577|3244|油门无效
20161102115830|578|3250|去看了一下展车，感觉比较粗糙，难道还不是量产车吗
20161102115830|579|3255|我的后视镜老掉咋回事
20161102115830|592|3308|装过音响的进~前门喇叭太厚怎么装
20161102115830|605|3363|小三真不让我省心，又有新问题了
20161102115830|607|3370|长城螺丝质量不好，我在论坛早就知道，没想到今天真的遭遇了，明天还得去换螺丝，胎也没有补成
20161102115830|610|3385|开了50天，也发现些问题，副驾驶位置老有种声音，不响，像是2片铁块东西快速碰的声音
20161102115830|610|3388|还有，天窗开起来，车在跑的过程中也有声音发现
20161102115830|610|3389|还有，每次熄火下车后，发动机盖的左前方就会发出两声咯噔的响声
20161102115830|610|3423|尾灯那个缝隙啊
20161102115830|650|3688|很多朋友都不清楚这套流程，甚至4S的销售也不清楚，不清楚还胡说，比较坑人
20161102115830|654|3732|南宁的标致太黑了
20161102115830|656|3736|原因变速箱冷车轴承异响
20161102115830|688|3874|?停下车一看右后胎瘪了
20161102115830|694|3883|今天早上刚发现，方向盘打到底，听到发动机哪里哧哧哧的响，原先没有这声音，不知道是咋回事，并且伴有前轮咯噔咯噔的，像是压倒了大砖头似的，这是咋了
20161102115830|699|3920|驾驶室脚底怠速转弯行驶有答答的响声是怎么回事
20161102115830|758|4113|车子跑了五万多公里了，目前倒没有其他什么问题，就是两个前门打开到第二节的时候会咯吱响，很是不爽，人多的时候都不敢拉太开
20161102115830|771|4175|跑了一万多公里，现在怠速抖动越来越厉害了，坐在前排腿都感觉到抖，手放到车门上感觉也抖的厉害，方向盘就更不用说了...二保的时候说车抖,4S说车开段时间都这样，请问大伙都是怎么让4S给换的发动机有悬挂
20161102115830|775|4181|?点火后转速上不去，得踩脚油门，不踩就要没火了
20161102115830|777|4218|后来到了下桥时的下坡路，此时是中等下坡弯路，正常打方向，突然感觉不对，车身整体有股向上向外的甩车感——车飘了
20161102115830|777|4220|当车子提到110的时候，发动机突然开始“怒吼”
20161102115830|777|4222|直路、路很平、速度120km/h，车子就飘了
20161102115830|777|4223|同方向有车超我时，车子晃动
20161102115830|777|4224|后来发现如果车外风力较大时，车子晃动
20161102115830|777|4225|又试了试高速刹车，车身剧烈晃动、制动效果很差——颇有吓人
20161102115830|780|4382|4空调一般悲剧，能凉，但是慢
20161102115830|780|4387|不排除是我这辆不好，大家的也是这感觉吗
20161102115830|780|4390|没有一D到底省心9前面确实不高，尤其视觉效果更低
20161102115830|809|4481|怎么看这些也不值6万啊
20161102115830|809|4483|这些多出来的配置简直无语了
20161102115830|811|4492|我的小三7800公里了，油耗一直很高，这回200元跑了不到260公里
20161102115830|857|4763|4S店送的东西真是不以要，个个都是垃圾
20161102115830|863|4785|方向盘打死???打死方向盘是个容易被忽略的坏习惯，对转向助力泵的损坏强度比平时大很多
20161102115830|864|4818|请教下达人，今天提车回来怎么都找不到usb接口，有人知道接口在哪里吗
20161102115830|881|4907|近段时间后座的两个窗玻璃发神经，有时升降很正常，但经常是降下来升不上去，并且驾驶处的按妞也不管用
20161102115830|893|4954|黑色也相对不耐脏吧
20161102115830|895|4959|怎么我的车子只要停下车就有滴答滴答的声音，很响，什么原因求解
20161102115830|896|4960|提车一个多月对锐界的感觉还可以就是大灯太不给力，日行灯行李架还要加装真的对福特无语，现在老年代步车都有行李架
20161102115830|898|4964|CVT的，感觉就是发动时转速有点高一会儿下不来，二是加速的声音丝丝的有点响
20161102115830|927|5101|（这种人叫戆蠹）??4.--途观，后排太小了，PASS（拉皮车，高尔夫才几万）要25~30万，利润太黑
20161102115830|927|5104|??5.--自由客-指南者，驾驶可以，就是进口的维护问题和第二排太小PASS，后门又窄又小，比较压抑
20161102115830|927|5105|??6.--酷威-各方面OK，进口的维护贵，CVT变速箱和售后都有问题
20161102115830|944|5273|在论坛里看到xi35这么多毛病，什么高速门，异响啊
20161102115830|944|5274|现在塌屁屁
20161102115830|950|5285|方向盘抖，哪的问题
20161102115830|950|5286|的抖吗你们，怠速的时候也抖，不过不厉害，肉眼能看出来，开空调了抖的就更厉害了，你们谁也有这种情况
20161102115830|972|5366|只有5座的话，就太遗憾了
20161102105819|1|4|我以前的2003年的索纳塔，几乎整车原装，底盘已喷塑，没有再做装甲，现在底盘没问题，但是2009年叶子板开始生锈外漏，只好重新修补，重新喷漆
20161102105819|3|17|原来朋友04款的大众POLO上就曾经出现过无纺布材质的车顶，这种材质几乎是不怎么能用湿布擦的，会气球，毛掉
20161102105819|3|18|感觉很廉价
20161102105819|3|20|2.仪表台：仪表台塑料材质感觉太塑料了，而且感觉非常单薄
20161102105819|3|21|和丰富的车内配置形成鲜明对比，让人觉得很廉价??价格感受，上市前几天网上放出的17.98W起步价格，让大家骂声一片，而上市后16.98W的价格，又在这么短的时间内给大家的心理造成了一个良性缓冲
20161102105819|3|23|总体觉IX35的价格和配置相对性价比还是挺高的，但其内饰材质做工对于要求比较高的人，可能会觉得难以支撑这个性价比?途观也去顺表去看了下优点:内饰做工非常不错，而且全景天窗非常大，天窗遮阳隔板也是全电动,后排很宽敞缺点;天窗遮阳隔板很薄，就一层三明治布，避光度不是非常好
20161102105819|3|24|车头改的不是很好看，太牵强，感觉像老款帕萨特B5
20161102105819|3|25|车价格太高
20161102105819|3|26|4S点服务态度急待提高
20161102105819|3|27|去的是杭州申华大众4S店，一副爱买不买的样子
20161102105819|28|290|但是后来也是发现宝3烂街，而且后排太小所以放弃
20161102105819|28|297|太贵太老气
20161102105819|28|299|太贵太小路感过于清晰
20161102105819|28|301|太贵太小，在北京通过性还烂，容易托底
20161102105819|54|586|前几天开了一位朋友的xc60大概有500公里吧，动力是我截至目前开过的最强的，不知道大家知不知道新乡八里沟，大概有20多公里的盘山公路，乖乖400牛米正不是盖的，上坡时涡轮启动的声音简直完美绝伦一个字爽，两个字太??爽?但是60的油门踏板让我太郁闷，连续开1个小时太累实在找不到合适的位置，不知道其他朋友又没有同感
20161102105819|75|634|0AT的，发现座位怎么调都不舒服，开了一会就很累，感觉没有开轿车舒服，怎么回事
20161102105819|78|652|），虽说好多事硬质塑料，但做的还算细致，不过档次就稍微差了一点.......方向盘做工有点粗糙............车门感觉不够厚实..........天窗的窗帘要手动拉开，有点遗憾..........七个扬声器音质还行.......车底悬架上的油漆涂得有点粗糙..........?不过中高配都有无钥匙启动，估计这一点会吸引一部分消费者........?我还在ix35中发现一个亮点，无液晶显示屏照样有倒车影像，原来是装在车内的后视镜上，倒车时有三分之一的后视镜显示倒车影像，而且还蛮清晰的.........?接下来就看今天的报价了，不要让广大消费者像骂大众一样来骂现代啊
20161102105819|93|676|现代ix35的前脸真的不敢恭维啊，腰线和尾部还算过得去，但是内饰和发动机真的够呛啊
20161102105819|95|683|说几个自己发现并认为不足的地方：1、雨刷竟然还是有骨的，7、8万的奇瑞都无骨了
20161102105819|95|684|2、据说高配的也只有两个前气囊，实在寒酸啊
20161102105819|95|686|4、行车电脑和悦动一样，没有瞬时油耗
20161102105819|95|687|5、自动变速箱挺宽大，但变速杆出奇的精致，反差太大
20161102105819|137|906|售后太不负责任
20161102105819|147|932|请教有经验的朋友，我的威驰是1.3自动挡，行驶了5000公里了，最近在行驶中发现副驾驶前边，好像是仪表盘右边，好像有一种近似口哨的声音，不太大，但仔细听就可以听到
20161102105819|165|1056|我的车是xc60是09年12月提的车，至今已跑了4600公里左右，最近跑过一次长途，但昨天电脑突然提示机油位低，之后又跑了十几公里电脑又严重警告说严重缺油，没办法找了一个汽车保养得地方加了了1升机油，新车怎么会出现烧机油呢
20161102105819|169|1152|不过有的客户曾反应过在后排看车载DVD时间长了会头晕
20161102105819|169|1174|不过防擦条真正的功能性就有所降低，轻微的刮蹭会使防擦条上的油漆受伤，露出底漆，害得我经常去修理厂做喷漆美容，真是挺麻烦的，还不如原来的黑色防擦条省心
20161102105819|207|1261|底盘真的太低了，跟轿车底盘差不多，连我预想的轻微越野都满足不了，也不知道现代咋想的，与其如此，我不如买一款更舒适的轿车
20161102105819|236|1513|刹车有点硬，过弯支撑有点不足
20161102105819|236|1515|只有四气囊，小气了
20161102105819|238|1533|刚提了新车，心里乐得不得了，开在路上很炫，一脚油下去，车子就窜出去了，知道车子没油了（新车嘛），出了保税区就是加油站，总行程不超过1公里，准备加完油就爽一下去，都已经看到加油站的时候，车子一下子熄火了，打了一下火，发现还是打不着，因为已经开过很多年车了，马上就知道是没油了，本来感觉车很炫的，这一下变成现眼了，身边无数车子飞驰而过，看着我这新车打着双闪停在路上，都很奇怪地看着我，让我很没面子
20161102105819|260|1623|回家才发现后排杯架弹簧是坏的，杯架收回去后弹不出来
20161102105819|268|1647|我刚提得豪华版DD，下雨天天窗有点漏水，估计密封圈不好，原来的别克就很好
20161102105819|285|1698|其左右的宽度的感觉也就是一小型车的感觉，都比不上一般的紧凑型车的感觉
20161102105819|285|1699|?我又奇怪了，怎么内部也感觉比途胜小，坐进去的感觉和我那开了几年的小威乐相仿
20161102105819|285|1703|?据公开的资料，这个车比途胜的发动机和变速箱都要好一些，但它那可怜的内部宽度和惨不忍睹的内饰，已经决定了他的售价
20161102105819|300|1754|所以，这个所谓的鉴定结果只能说明吉利厂家在企图逃避责任
20161102105819|300|1759|对于吉利厂家的这种不负责任的态度我非常气愤，（但打官司我们是平民，也不想把台多时间耗费在打官司上，即使打赢了也会有其他的损失，他们厂家有专业的打官司队伍陪你玩
20161102105819|323|1863|???外型方面：我个人感觉，IX35的外型的确比逍客要好很多，很早之前我看过一篇报道，连日本人也说自己本国的汽车在外型设计方面不如欧美车，缺少立体和层次感!???内饰方面：IX35的塑料感较强，而且装配缝隙较大，如果打5分的话，我给IX35打3分，给逍客打3.5分
20161102105819|323|1864|???空间方面：IX35的空间要比逍客好不少，1.8米的人座在里面很宽阔，视野很好，相反，逍客就略显压抑，尤其是逍客的后排座椅，实在让人无法接受，毕竟中国人比小日本要高大很多
20161102105819|338|1941|今天看实车回来极度失望，前几天在论坛看到说内饰不够好我还不相信，今天去看真的很差，大片的塑料
20161102105819|338|1942|车子也看起来很小，最不能容忍就是这个完全是个4坐车，后排中间的位置简直没法坐，短途还将就，长途非常老火
20161102105819|357|2000|身边几个朋友都相中了35的外观..又都是手动族..可现代不争气..手动版简直就是乞丐呀..为什么不出个手动GLS啊..他们几个都想放弃了..我也动摇了..郁闷32792692
20161102105819|358|2029|“那简直是个破车，开到40屁股就乱飘
20161102105819|358|2036|车里面也太窄了
20161102105819|358|2054|“我是一辆某车的几年车主，用了这么长一段时间，感觉它有以下问题：??????A.喇叭较重，要用点力按才会响；??????B.雨刮器用久了噪音较大，试图换成有骨雨刷，但是没这个洗得干净；??????????C.报警器没有声音，不习惯，可是这是某某报警器专业的特点，没办法，不过车从没有被撬过……”看着是说了几个问题，可是那些问题对一辆汽车来说都是细枝末节的事，典型的是在换个角度夸这辆车
20161102105819|361|2132|1，线路做工粗糙，电工胶布缠的比较业余，不过相对途观的裸线，还算能接受了
20161102105819|361|2133|2，车门是焊接的，焊接痕迹明显，铰链太细，车门略显轻
20161102105819|361|2134|3，前防护保险钢梁钢板太薄，手感不超过1.5毫米，就一铁皮，怀疑能不能起到防护作用
20161102105819|361|2135|趴到车底看了半天，也没找到后防护钢梁
20161102105819|361|2136|塑料壳子里面除了空气就是底盘了
20161102105819|361|2137|4，轮胎看上去比较别扭，毕竟是suv，轿车用的锦湖套脚上有点软了，不过也能接受了，途观不也一样的韩泰
20161102105819|361|2139|车门只有少量软附，其余均为相同的硬塑料
20161102105819|361|2140|6，行驶中能让人不自觉的想起噪音，不过能在接受范围
20161102105819|361|2141|7，方向盘的银色部分是个败笔，不过是个人审美观点了
20161102105819|361|2142|8、整车外观显小，可能是因为后顶设计原因吧，不过内部高度没受到影响
20161102105819|361|2143|9、没装护甲前，车底塑料太粗糙太软
20161102105819|366|2200|就是我的车09年10月份买的，现在有起步发抖的问题，右前异响，还有手刹有点松，前两天去4S检查维修工说起步发抖金刚车就是这样的，异响弄好几次啦，维修工有点烦像要发脾气，叫他帮我调手刹，他说这样可以
20161102105819|372|2213|关注ix35很久了，配置很丰富这是大家公认的，美中不足的就是底盘太低了，呵呵人无完人何况车呢
20161102105819|404|2361|?而我却对CRV一直喜欢不起来，理由如下：1，日系车，总听说日本车用料上是能省则省，看得到的都给你用上好的，看不到的都用上廉价货，还在欧美市场和中国市场实行差异化产品策略，来蒙骗尚未成熟的中国消费者，就这种市场战略，就让我很不愿意看到小日本的东西；而且还是用各种花言巧语来描绘的被动安全设计；2，在网上的《小强热线》里明确指出,CRV没有配置刹车优先系统，而且车门是一目了然的焊接的，至于前后防撞钢板是否配备，不得而知，安全上就让人心里不踏实；3，动力不够好；在4月初的试驾中，我开的是2.4的排量，可感觉油门狠踩才能体会到些许的加速感；4，方向盘沉重，感觉不够灵便；5，后排空间太小，比途观差得太多
20161102105819|430|2447|1、和TX们感受到一样，门子轻啊，还有钢板的厚度薄啊，比CRV都轻薄了许多，所以安全性...2、后悬挂下摆臂是焊接的，车门子是焊接的...3、发动机下面的互板居然是塑料的
20161102105819|430|2449|4、打开机关盖后，有些线确实是手工缠的，而且粗糙
20161102105819|430|2452|5、打开机关盖直接可以看到地面，驾驶仓是悬空的，感觉这车没底盘似的，别的车没发现这样啊，心理没底
20161102105819|448|2532|??????极度失望
20161102105819|453|2563|感觉，起步加速，很肉
20161102105819|453|2569|r4低速起步，坐5个成年人一点就有，今天ix35只听到发动机在叫，而速度提不上去
20161102105819|474|2688|踩油门有二声响动啊
20161102105819|496|2820|只是到190码时，导航器的位置有呜呜的长声，180码事呜呜声是断断续续的，不知是什么原因【去前在4S店做了保养】，导航器是春节前二个月装的，皇冠专用卡仕达导航器
20161102105819|503|2846|今天去4S店看了一下展车(2.0顶配21.58那款的)觉得外形和定价还可以但是个人觉得有几处不太理想的地方；1.?2.0顶配没有电动座椅???2.后座很不舒服（特别背挺得太直）3.后备箱没有储物隔板?????4.真皮座椅做工太糙
20161102105819|506|2852|比较其它中档SUV，其有10大与价格不符的缺斤少两问题：1.除了顶配，它的方向盘竟然不是多功能，甚至连音响控制键都没有，没有一点中档车的样子，和10万以内的车没什么区别
20161102105819|506|2853|2.除了2010款顶配外，都没有ESP（VSC)防翻滚系统，高速最好不要开到120码以上，否则危险
20161102105819|506|2856|3.除了2010款顶配，都没有后视镜电动折叠，没有定速巡航，哪有一点点中高档车的感觉
20161102105819|506|2857|4.除了2010款顶配外都没有TCS雪地防滑系统，在雪地里开要当心，容易和别人碰撞
20161102105819|506|2858|5.没有陡坡缓降，更没有上坡防溜辅助系统，真的是只能在市区开
20161102105819|506|2859|6.没有全景天窗，后排不能欣赏满天的星斗
20161102105819|506|2860|7.全系中控台尽是黑硬塑料内饰，连10万元的哈弗都不如
20161102105819|506|2861|8.没有行车电脑，连油耗和剩余里程都算不出来，哪有一点中档车的样子
20161102105819|506|2862|9.对于四驱最重要的一点，CRV的四驱技术比途胜、狮跑、RAV4、途观和IX35甚至哈弗都要落后，用硅油而不是离合器片传递动力，效果差速度慢，还不能lock锁定，这简直是用上代的过时技术胡弄消费者，欺人太甚
20161102105819|506|2864|10.变速挡还是5速自动，比起流行的6速手自一体，顿挫感强，耗油大，还不能切换到手动模式体会运动的乐趣
20161102105819|521|2958|行驶4W公里左右，在走不平坦的道路时发现左右门框上有异响
20161102105819|523|2964|?最近发现喇叭的声音不正常的时候多，问了一个别的朋友也出现这个问题
20161102105819|541|3020|投诉品牌：东南-V3菱悦投诉车型：菱悦V3?风采版购买日期：2010年02月01日购买价格：75000所在城市：无锡经销商名称：无锡福骏投诉内容：新车买了10天踩刹车踏板不归位，更换刹车助力泵1000左右出现异响（其实买车的时候就有比较小，销售员说是气门响）3-16更换了异响配件（厂家速度反映还比较快的）?换完以后还是响，3-19修理厂通知回去重新更换?换完了还是响?而且还多了一种哗啦哗啦的声音??修理厂长亲自试车确定了还是响，说我们只能修到这样了?我晕呢??希望相关部门协助解决
20161102105819|549|3032|闲来无事去看下35，做工还成，有天窗的缘故头部空间不充裕（本人不到180），变速杆位置的变化绝对脑残人士所为，我胳膊算长的，够着还费劲，手感还不佳
20161102105819|549|3035|打开后备箱看了下，一关，哐啷，靠，是铁板还是黑白铁的，这声音
20161102105819|571|3282|请教一下，我的DD开了4.5万公里，这几天发现开到130以后车辆开始发抖
20161102105819|572|3289|也希望达友们推荐3?车门关门设计不够理想，需力大点关门，比我以前雅阁重多了，前天还去给门的支链加油，有点干涉异响，听4S店说这是普遍现象2W公里后就好了（不知是真是假）4?座椅两边支撑不够，转弯有点晃来晃去的，不过这都可以接受了
20161102105819|572|3293|7?第三排作用不大，上下也很麻烦，脏了不容易清理
20161102105819|572|3299|还有个问题，今天达达在工地坑坑哇哇的地方，车身侧倾的，也不太严重，后备箱关门好像有点管不牢固，而且遥控锁不上，把它开到平路上就正常了
20161102105819|577|3316|进到车内:方向盘真的好小,音响还算可以、8个喇叭，副驾和驾驶位通过调节后可以坐的舒服但就是比较窄脚不太能随便变换角度、姿势（本人1.77米180斤），后座可以前后调节或者翻倒，后备箱真的好小，备胎是非全尺寸的，单碟CD（2.0T的才有6碟）
20161102105819|602|3437|呵呵.左前左后的锁用遥控打不开.上次拆了看.应该是控制器坏了.电机无力.汽配城城都要一副副的连锁卖.有淘宝地址也行啊.谢谢各位了...
20161102105819|621|3479|就发现天窗只能后开不能向上开，后刹车盘有点小
20161102105819|636|3522|不知道按什么了?DVD屏呈小角度倾斜??我看说明书在角度调节里把角度调回到原来角度了可一关机再一开自己又倾斜出来了?不知所为?搭我车的一看我一启动车屏就自动倾斜还说:??嘿!这30万的车是高级啊~?我:?.....?谁能教教我怎么给调回去?
20161102105819|641|3537|我的金刚买3个多月排气管头有滴嗒滴嗒的异响.比喷油嘴声音还大,请问金刚朋友你们有吗?象这种情况4S店会换吗??
20161102105819|646|3573|?我的DD是09款的，到现在开了2万6千多公里，最近感觉在油门踩到30码左右的时候发动机会发出达达达的声音，请问各位大虾有这样的情况发生吗
20161102105819|650|3582|有小问题就不多说了，但是大灯居然进水，让我很生气，不知道有多少达友有这样的问题
20161102105819|674|3703|有以下印象：??????????1.整车给人家感觉不是很大气
20161102105819|674|3715|后背有点直，时间久了会累
20161102105819|686|3761|中控台用料确实不咋的，硬棒棒的塑料，掉价
20161102105819|707|3858|去4S店看过一次途安，觉得内部空间小（别拍我，我说坐人，不是说拉货）但是看到论坛里对途安的评价很高
20161102105819|707|3860|我还是觉得，途安的座椅好像很小
20161102105819|732|3982|不到两年四个减震都落油
20161102105819|733|3983|我车从提车开始，左边空调出风口里面就有异响，去过4S店搞整个两回，还是不能解决，说是因为里面是塑料配件，所以没办法解决，有时路抖点就一直响个不停，觉得很烦，不知道是不是运气差，对比2010车款资料的介绍，外镜是没有散热功能的，雨天两外视线不行，没有间息性雨刮功能，大灯不是氙气大灯，小灯才是，这个骗了我们哈，免费保养每次是500元左右，10000公里清洗了发动机，自费500左右，13000公里时发现车时有不能正常发动，会熄火，然后就是不能发动，等一个多小时后才能正常发动，但故障灯一直亮起，后去4S店，免费换了节油门，（具体叫什么名字我没记住），价格1000多
20161102105819|739|3993|达到50迈的时候跳挡特别明显?一颂车才能起来?这是什么问题?请大家谈谈
20161102105819|742|4016|总结：通过这一个多月对十款新胜达的使用体验，感觉车子起步有点肉，30---120之间提速还不错，甚至到一百四五十时速，感觉也还可以，再向上拉比较吃力，其实即使是最高速190以上，排挡都在五档上，最高速扭力不够六档使用，也就是说，一百四五十前还算省油，当然最省油在100左右
20161102105819|745|4046|?请问为什么打方向时，方向盘下方有吱吱的摩擦声
20161102105819|745|4055|?低速上给油和收油时有顿挫的感觉，车子一冲一冲的
20161102105819|745|4059|??我的车是每次关闭都需要用较大的力量向下送一下，或是将盖提起半米高左右的距离松手，咣的一声才能合上，声音大的让人心疼，如果力量小或高度不够…：标准上应当是撩起30公分以上的距离，撒手
20161102105819|749|4073|投诉品牌：江淮-同悦RS投诉车型：同悦RS购买日期：2009年05月05日购买价格：52800所在城市：蚌埠经销商名称：投诉内容：去年年底一朋友借我车去外地,在高速跑到130公里左右的时候从五档跳到了空档,一连跳了五回
20161102105819|749|4077|前天，自己开车去合肥，在高速上跑到120公里的时候，车子又突然从五档跳到空档，当时就吓坏了
20161102105819|752|4091|请教各位；我的车在太阳底下晒时间长了天窗关不上怎么回事，是向后开的，到前边就自动开
20161102105819|755|4098|它的缺点也有点明显：1--车门竟然不是整体成形2--最小离地间隙竟然只有170，这还是SUV吗，天啦，连新君越就是170了
20161102105819|762|4151|请问新奥德赛车主,我是刚买才二个多月的新奥德赛,刚跑二千多公里,由于刚买新车心情激动没有注意挂挡的时候声音,现在注意听从P档到D挡有卡的声音,从D挡到P挡经过R挡变速箱有很大的卡的声音,请各位新奥德赛车主告知有无止声音,谢谢哪
20161102105819|764|4153|最近几天发现踩刹车的时候刹车灯有时亮有时不亮，同时踩刹车的时候听到有嗤嗤漏气的声音，4S店说是刹车开关坏了，至于有漏气的声音是正常，请问各位有遇到这种情况吗是否正常呢?今晚发现刹车灯又正常了，可是还有嗤嗤的漏气声音怕是刹车泵有问题等高手解答
20161102105819|784|4273|至于动力和操控，本来说好试驾的，结果没安排试驾车，NND，忽悠～～说说不足吧，车门轻，这个问题似乎在悦动上也存在，车门非整体成型、焊接缝明显
20161102105819|827|4537|????????????2010年?2月11日提车?裸车价为52万????说说我的感受:?,外表典型的美国车外表霸气?内饰简洁(细节做工不够人性化??有点粗糙??大街上回头率高?车内宽阔后排乘坐4个成年人不会感到拥挤达载3.5排量的林肯发动机0—100加速为8.1秒????推背感较强??让车身庞大的它在车流中穿插来去自如180迈的高速行驶?中很稳(180迈的速度让我感觉不到快)???????????减震比较硬走烂路的时候颠簸很明显(不知道是不是新车的缘故)?????????油耗??100公里14-16??左右????对美国车来说并不耗油?我朋友的霸道2700?油耗都在15升以上??????????目前总的来说还不错,比较满意新款车开在大街上比较独特??不喜欢街车(满大街都一样的车)?.????????废话少说了上图....
20161102105819|843|4593|09款的，1万多了，之前没有发现有这个毛病，这段日子好象每天都会有，特别是当车速很慢的时候，2、30个的时候，松开油门倒换到刹车的那个瞬间，会觉得车一哆嗦，为什么会这样呢
20161102105819|851|4621|?昨天没事去4S看了下实车,不管别人怎么说2.0的那款价格还是能让我接受的,不过看了真车实在让我有点失望了,一进驾驶室味道很大,整个内饰基本全是低档硬塑料,我真是服了,以前我觉得我的福克斯内饰够寒碜的了没想到现代这么恶心人,哎一分钱一分货表面配置多了内饰就差了.88了现代
20161102105819|862|4658|而且，后轮的刹车盘真的是小的可怜，有点儿担心制动性能
20161102105819|874|4682|"小威7000公里了最近开车时方向盘前面的中控台有时候会发出""嘀嘀嘀""的像发电报的声音用手按住就不响了不知道啥原因困惑中........"
20161102105819|875|4683|???????????20010年1月份的一天本人开着那心爱的DD开心的行驶在东莞大街小巷中，突然心血来潮想换一本好听的CD让自己有爱车的陪同下让自己更加舒畅，可却发现DVD下滑时卡住不下来，无法放碟进去
20161102105819|938|5111|1、刹车停下来的时候总是感觉前冲，我慢慢刹车也会有这个感觉，其他TX有这个感觉吗
20161102105819|951|5165|那方向盘上的镀铬一点都不好看，更不高档
20161102105819|951|5166|?空间嘛，要说的是后备箱很小，跟途观一样小
20161102105819|951|5167|前排后排的空间都不错，但后排座位不能移动，只是可以基本放平
20161102105819|951|5168|主驾座位挺舒服，但包裹性差
20161102105819|951|5171|我不明白后刹车片为什么那么小
20161102105819|997|5397|外观确实挺漂亮，但是——注意是但是，车太小了
20161102105819|997|5401|坐进车里，这是一款全景天窗的，身体稍微前移居然顶头，我1.75米的个头并不高
20161102105819|997|5402|而且车顶底的原因前排很压抑，感觉风挡玻璃都很小
