20161102104819|1|4|我检查机油的时候总是看着机油越来越少
20161102104819|2|79|例如，如果第一步和第二步的操作过程很快，在发动机转速尚未下降到同步转速时就抬离合，且抬离合操作过快，发动机转速表指针由上向下快速摆动至同步转速，车辆可能会有“前冲”或“抖动”感
20161102104819|17|168|???车在15000公里的时候发现打转向时车底下发出好象敲鼓（类似弹簧缺油）的声音，特别是原地打方向时更清晰
20161102104819|25|221|????????老款奥德赛的尾灯是镶嵌在贯通尾部的细长条反光饰条之上的，像是系了一条细腰带，准确地说是属于“时尚的MPV”，但体形上却难逃臃肿，尤其是下半部分显得过于厚重
20161102104819|35|265|就是引进国内内饰不好看，听说油耗很高，以后配件也很昂贵
20161102104819|39|270|7月初，想买台商务车，经过多方面考虑定下两种：别克GL8和本田奥德赛先到的别克4S店，转了半天没人理，主动找销售，说要买GL8，有台样车，锁着，不让看，态度极度冷淡
20161102104819|39|271|哎，直接走人，在网上看到过说别克的销售冷漠，没想到，比我想象的还默然，冰冷到底
20161102104819|65|363|结论：丰田导航信息点奇少，比凯立德、城际通等少得多，用凯立德等地图输入关键词搜索出来很多结果，用丰田导航搜索出来结果少得可怜
20161102104819|74|405|我的消声器不到50000公里就坏了，开车就像开本田拖拉机，强烈要求为我们免费换消声器，而且，不是一个二个人的问题，有这种情况的人很多，质量问题
20161102104819|96|537|我的车夜晚一踩刹车大灯突然会暗一下，不知道各位大侠是否有同样的问题
20161102104819|127|624|皇冠的卡带地区不怎么好看，基本上没有用途，不知道那位高手可以建议或者改装过其他的实用的配件
20161102104819|133|635|但我问了朋友，他以前买的车价是68万，靠~还不是一样，估计是之前的大排量税的问题，价格就升了很多，估计现在又是政策问题，价格降了下来~然后在看，没有无匙启动，想想也是，估计都是几年前设计理念的产品了，估计还跟不上改进
20161102104819|142|674|07威驰的后避震存在质量问题==漏油，不到两年我都换了3根了
20161102104819|147|683|现在已开了1815公里，起步提速很慢，减震一般，最近一个星期在高速中有时会象砂石跌落的声音，大约2-3秒
20161102104819|157|719|当时我区首先想到我的DD肯定会受伤很严重，下车后我先看了我的DD的屁股，还好，没什么，一点都没变形，就一点漆的擦伤，因此我想那个宝马5应该更加没什么，可当我过去看时却傻眼来，的前脸都变形了
20161102104819|157|722|宝马怎么会那么不结实
20161102104819|175|784|但我观察1.8t的途安比2.0费油，而且维修昂贵，容易出现烧机油的情况，根据常识加涡轮后发动机寿命要简短，而且涡轮容易坏，并且加t和双离合是作为新技术所以车的价格往往要高很多，而大家往往认为鬼肯定就好，新技术肯定是好但需呀发展，如果现在买就变成了试验品，是吧
20161102104819|185|827|它直接决定了升降档时顿挫感强烈，起步肉，最高速不会太快，油耗高
20161102104819|221|1003|刚装了前后护罩和侧踏板，可发现加速时和正常行驶时的风噪明显加大了，不知各位前辈是否有同样感受
20161102104819|228|1072|我车子是08威驰，08年6月买的，现在原车自带的报警器不知道怎么不响了，就是用中控钥匙锁好后再用钥匙开门就是不响，以前都响了，还有貌似自动落锁好像也不行了，这是怎么回事啊
20161102104819|277|1356|第一批DD，目前6万公里，保养正常，方向机响有一段时间了，开空调后，更为明显点，打方向有吱吱的很轻微的声音，同时感觉方向变重（有可能是心理作用），就在方向盘里发出的声音，不是轴头，润滑的问题，另冷车启动，并无此问题，常常是到目的地时，特别是空调关后，会发现此声音，请老大看下，什么毛病，另有否其他TX有类似问题
20161102104819|284|1392|新车开了几天啦，觉得后视镜好像不舒服呢，特别是左后视镜范围小，好像有车过来总看不到，大家有这个感觉吗，都是怎么解决的呢
20161102104819|296|1506|但是中网的变化似乎不如老款好看，前大灯组合也没有改新
20161102104819|326|1618|图胜跑四万多公里出了两个问题....轮胎全换了.方向噪音...经沈阳路鑫店检查方向机损坏...质量太差..请车友慎购..本人悔买此车!!!!!
20161102104819|341|1639|车友“很皇很冠很皇冠”在回帖中称：感觉没有12代的经典与大气咯
20161102104819|341|1644|车友“我为车狂”在回帖中道出了大部分车友对13代的感受：要运动不运动，要大气不大气，要稳重更不稳重
20161102104819|364|1739|我的是Q3标准版的，都半年多，刹车有个问题不知道大家是否也有类似情况在急刹时感觉踩到刹车又踩到“树枝”似的，不知怎么回事，后来发现在路况不平急踩刹车都有这感觉，还好有刹住，不然可以惨了我想应该不是我车问题，大家也应该有，有哪位能处理这类问题发表一下，谢谢啊
20161102104819|398|1835|今天发现响声增大了，源头较为容易找了，就是中控仪表盘上方的黑色塑料边框
20161102104819|406|1850|我的发动机有烧机油的现象，7千公里烧1升机油
20161102104819|421|1909|发现问题的时候是2挡升3挡的时候动力传输突然迟缓
20161102104819|427|1938|我的车已经开了6万多公里了，现在跑起来低速的时候有嘎嘎的声音，不知道那声音是那里发出来的，我自己听听好像是减震和轮胎上的
20161102104819|508|2286|小弟的1.3AT小v空调在运行时突然会有一股异味，但是很快就没有了，不知道大哥们有没有类似的情况，正常吗
20161102104819|515|2296|说实话，DD的轮胎质量不怎么样，不知道大家看法如何
20161102104819|515|2300|动力，不太够，，提速没法跟小车比，所以等首保时改一下，雷神整流器，VSD点火增压器，铱金火花塞都列入我改的清单里了4WD的感觉也不是很明显，但是上下马路牙子，很轻松，这就够了我觉得总之，刨去耗油不说，DD是好车，一部物有所值的好车，嘻嘻
20161102104819|520|2322|途安1.8刚一万五千公里，前几天去山东在高速上跑到150以上的时候空调出风就很小了（几乎没有风，非常热）当车速下来以后风量会自动变大，请问有没有人遇到相同的情况
20161102104819|523|2335|买丰田本田还真不如买个轿子开
20161102104819|525|2340|这几天我的导航显示一直和行驶路线不一致，一直为这事烦恼还以为自己倒霉买的车不好
20161102104819|529|2356|就是踩下煞车，然后换到油门却没有推动力，又或者，踩下去到了2000左右转数以前是空转，后面才好像有了档一样才有推动力
20161102104819|548|2510|根本没有灯光辅助，这么长和大的车视线不好（在灯光暗的地方，根本就是垃圾，有P用
20161102104819|560|2544|我在倒车的时候抬刹车总能听见前轮嘎吱嘎吱的响不知道各位大侠的威驰有这样的情况吗
20161102104819|568|2584|上周出了几天门，从北京回来的时候，最热的时候，空调没了，不舒服事小，没面子事大呀，这么中意的安安怎么这么不给长脸呀
20161102104819|577|2625|1、外扬式后车窗只能开那一条小缝，通风很不爽；2、取消了副驾的折叠杯架，增加了置物箱（我气称垃圾箱，有某JS还特意给我纠正是置物箱不是垃圾箱），令我放超长的材料受限制；3、中排滑椅，就算加钱换成转椅，坐垫也不能折起
20161102104819|592|2740|打开发动机舱，发现好像是皮带轮发出的声音，各位有知道是怎么回事的吗
20161102104819|604|2793|最近我的大麦油耗有点高啊
20161102104819|665|3100|不爽的是才换了半个月的固特异轮胎烧掉了一只，当天还加满了油
20161102104819|680|3165|第一天新车提回来，停在车库下车就闻到一股焦糊味，立马跟销售联系，说是新车磨合，刹车片的味道
20161102104819|710|3441|装配工艺真的越来越差，有的地方还不如我以前的polo，尤其方向盘下方的那个驾驶员手套箱，做的太差了，还有后排中间的杯架已经坏了，我7月14日的车哦，德国人严谨的作风还有多少时间供国人挥霍啊
20161102104819|763|3994|才两个月的新车传动轴断裂销售商和厂商说是传动轴见了水才导致断裂的责任有车主自己承担所以车主不服才找来老黄牛在西二环拉车游行的靠怎么发不了图片呀在这个里面大家可以去看看骏捷FRV俱乐部
20161102104819|777|4027|现在的汽车配置越来越多，不过有好多都是浪费的，我觉得皇冠的大灯清洗装置是最浪费的，大家发表一下自己的看法啊
20161102104819|850|4356|个人感觉马力不怎么好
20161102104819|851|4357|前几天方向机漏油了，买了修理包换了，换好以后，助力泵有点响，到现在，方向一会有，一会没有，高速正常，应该怎么办，
20161102104819|876|4489|DD的左后视镜有盲区，基本左边车道的车到了车后面5米左右就看不到了，而且大家是否有同感，就是左边镜子看一会儿会头晕
20161102104819|924|4738|DD一年多了，基本都满意，就提一点，大灯的灯光不知各位兄弟有没有注意到，晚上开大灯时，你用下玻璃窗，或踩下刹车就会暗一下，开到就近的3S店查了下，说每个韩现的车都有这样的毛病，停在那的几辆打开来看了下，的确有同样的问题，3S给出答案，大家都有问题就不是问题了
20161102104819|947|4864|再说导航：打完球送完同事，去接老婆（老婆在上课），那条路曾走过一次，当时也是胸有成竹，好像是忘了出那个口了，往下开，就给迷路了，转不出去了，当时的心里还是很恐惧的，所谓讲：陌生的世界是恐惧的
20161102104819|949|4885|途安和同级别的轿车相比，其内饰确有不足之处
20161102104819|985|5024|这车牌质量真差!!!!!!!
20161102104819|996|5209|缺点显而易见，车皮太薄，车身轻，上高速没有安全感，120左右经过大车时，车就发飘了，真是紧张，车就像纸一样，左右飘动，这是日本车的通病；漆面太软，经常留下划痕
20161102104819|996|5210|整车除了发动机声音小点，路噪，胎噪，风噪都远大于欧美系
20161102104819|997|5212|看看人家那曲线，纯粹天然，正宗艾斯，再看看我们芙蓉姐姐所谓的曲线，真可谓天上人间人鬼殊途也转自速腾论坛某大虾之水贴，我估计同样的娱乐贴，在咱们皇冠论坛肯定是不会太多人跟帖的也算是和速腾坛天上人间人鬼殊途了吧
20161102105319|11|43|小威最难看的就是自动的波杆了，细细长长的，看去特别没档次，中控勉强可以接受，看中的就是丰田的品质
20161102105319|26|84|最近几天我发现一个问题，在打着火后能听到发动机类似“丝丝”声音，一二秒后就没有了，好象原来没听到过这种声音，心里略有不安，特请教各位刚友，这是什么声音，会不会有什么问题
20161102105319|29|89|昨天在院里连起步和倒车，偶尔会听到发动机嗡嗡的声音（感觉和服务器强排风一样）声音很大，站到旁边呼呼的热风
20161102105319|78|249|我的皇冠2.5强化版大灯照路时有许多阴影，枝条状，不知其他道友的皇冠有否此现象，凯美瑞可没有，要不要在首保时换掉
20161102105319|108|373|第一，发电机坏了，换了原厂的，存在问题：发电不够用（原来的也不够用，所以晚上开车时特别要注意，不要所有的电器一起用或开到最大）
20161102105319|108|375|第三，空调的鼓风机声音大，虽然空调够凉，但是不能自动调节
20161102105319|109|381|今天气温很低，并且风很大，车子跑到70多迈感觉车身发飘
20161102105319|128|469|怎么发现发动机的声音挺大的~
20161102105319|143|575|比亚迪的主电机是50KW,副电机是25KW，一起是75KW的重量，那是相当的重，而且用的是永磁电机,技术简单，成本低，但是重量重，而且会有个什么问题?就是用了几年以后，会有磁力衰退,造成动力减少
20161102105319|143|596|这就造成电容大巴效率低下，而且走走停停多，加速能力非常差，需要经常充电
20161102105319|166|678|行车是发现，好象副驾驶前、中控台方位有“丝丝
20161102105319|166|679|”的异响，声音不太大，但影响听音乐，好象有杂音似的
20161102105319|181|756|提车不到一周，启动时发动机塑料味特别的大是毛病么，用上4S么，过一阵能不能没啊
20161102105319|197|812|首保更换机油后,为什么发动机声音很大?
20161102105319|205|829|我的车每次发动以后第一次踩油门时油门踏板感觉有轻微的“达达哒”声音，如果启动时先用怠速行走一小段再加油就不会有声音
20161102105319|208|849|不管带速还是开动车内声音比较大,反正比伊兰特大很多,其他感觉还性.
20161102105319|226|900|理由如下：1、与进口车同档次相比，大幅减配；2、钣金太薄；3、漆面软而不平；4、各种灯泡经常坏；5、仪表没多久要么失灵，要么坏掉；6、各门边和接缝处，参差不齐；7、哎，不多说了......?欢迎拍砖
20161102105319|233|911|05年的奥德赛，车库放了2天，今早发现电瓶没电了，搭其他车的电启动后，电子钟的屏幕一直黑白，FM,CD都不能用，4S说因为长时间没电，现在要重新设置下，可是用户手册好像没记载怎么设置，哪位指点下我，万分感谢
20161102105319|234|912|我的HG2.5导航版发动机冷启动噪音很大，水温上去后稍好
20161102105319|245|932|折叠钥匙也是一样，改的时候电池卡扣不好弄思考了一晚上最后用透明胶带搞定了，但改好后钥匙总是松松垮垮的经常要用螺丝刀紧钥匙上的固定小螺丝（国产的不是用的插销而是两颗小螺丝）
20161102105319|245|934|进口的产品不管是做工、质量、手感等各方面确实是国产改装件无法比拟的，虽然价格高了些但真的是一分钱一分货
20161102105319|267|1028|冬天为什么大灯清洗系统会自动升起，按开关也回不了位
20161102105319|272|1086|缺点就是漆面太软，跑了1趟高速就有了几个芝麻大的小白点
20161102105319|275|1094|我的小安近20天前出现了在早晨启动后车身抖动现象，本人在跑了3天后到我们当地的4S（东营石大修理厂）进行了检查，经过电脑检测没事，维修顾问说应该是长期低转速运行燃油系统产生积炭造成的，建议我买了一罐大众专用的“燃油清洁剂”（160大元），要求在下次加油前先注入油箱再加油，跑跑就好了（维修顾问态度还是很亲切的）
20161102105319|275|1095|到10月23号我该加油了就按照要求加入了清洁剂，头两天感觉启动后抖动小了（但还是有），到了25号我晚上拉着老婆大人去西城百货大楼，刚到准备停车突然车辆抖动剧烈（主要是通过方向盘及座椅抖动感觉），发动机声音沉闷，并且加油不畅像要断火
20161102105319|302|1197|朋友们你们好：??????????????关于新胜达的不尽人之处------避震（太硬），喇叭（经常单音），你们的新胜达是否也是这样
20161102105319|303|1205|大众途安空间该车全车尺寸为4411mm×1794mm×1670mm，轴距为2678mm，较短的轴距让途安的内部空间表现比较一般
20161102105319|303|1206|传统的5座设计基本上能够保证正常乘坐空间，并不能给人十分宽敞的感觉
20161102105319|303|1210|另外，1.8T车型近18万的起步价对于国内消费者来说也比较贵，涡轮增压发动机后期维护保养费用也比较昂贵，价格下不来也是导致途安难以热销的一大阻碍
20161102105319|322|1260|说实话这车也不错，但价格还是偏高
20161102105319|322|1263|而且有严重的动力问题，1.5的排量，再加上引擎比较老，买来也只能当QQ开了，而且说是有电动天窗，只是豪华版的
20161102105319|326|1284|还有昨天提的DD的GPS不好使，后面的卡槽里没有GPS卡，4S说让韩方这几天给发个卡过来，不知道可信不?我说如果不给发卡我就退车，还有如果没发，这个GPS卡不知道外面能不能买得到
20161102105319|350|1367|??我的DVD坏了，拆机的时候不记得把导航碟先取出来了（导航碟是网络上下载的，自己拷贝），把机器重新装好后启动汽车，屏幕进不了启动界面了，出现了日本字
20161102105319|351|1372|"车买来才400-500公里以后,现在每次跑到10公里以上车子就会出现""哧哧哧""的声音,800公里的时候踩油门会出现很大的""咀咀""声,象在喷油一样的,900公里的时候去了4S店,4S店说是电子油泵的问题,就更换了油泵,但还是不行,又更换了汽油滤芯,现在刚开始的""哧哧哧""声音没有了.但是喷油的""咀咀""声音还是有的..4S店说过段时间会好的,油路系统还有杂质,但我想想不太可能的,所以请大家帮我看看到底是什么原因出现了这样的情况."
20161102105319|384|1595|今天高速上面速度到130时中间出风口部位风声很大当时开的外环绕最后关掉是就没声音了速度到了140后又响起一直是内环绕不知道是否正常还有速度到了180时手提箱内既然有类似报警的声音不知道其他兄弟有这样的情况没
20161102105319|486|2049|我车被划了一分钱大的小圆点能见到铁皮了
20161102105319|697|3168|车怎么起步时1挡换2挡感觉有点顿??而且起步换挡换的比较迟要到2000转?到了2000转而且声音挺大又细又尖??上去30就好多了动力很灵敏尤如手动挡一样为什么调教的1挡换2挡这么迟呢??不明白?我说的情况只是起步时就是0-30这段???
20161102105319|813|3754|但是它也并非完美驱动方式，后驱的设计最大的问题就是侵占了太多的车内空间
20161102105319|813|3767|既然说到了传动轴，正是需要由传动轴把动力由前传递到后驱动轮上，所以相对于前置前驱的另外一个缺点就是，它的传动效率要低一些
20161102105319|813|3768|而且在高速过弯时，后轮的驱动力很容易突破极限，形成转向过度，使车尾横着飘出去
20161102105319|819|3794|嘶嘶声：像气球漏气，大多是空调或冷却系统有毛病
20161102105319|819|3799|啸鸣声：大多出现在汽车转弯时
20161102105319|821|3808|昨天在行车途中，加速突然失去动力，待速不稳时高时低，不给点油就会熄火，去SSSS店也查不出具体原因，不知道各位是否遇到过这样的问题
20161102105319|822|3809|毛毛雨时雨刮器刮在玻璃上有很大的声音，雨大时没了，除了更换雨刮还有什么办法让它不响吗
20161102105319|823|3811|?回来后发现这一个地方用湿的纸巾也擦不下去，就好像磨了一样
20161102105319|943|4351|????天越来越冷，金刚也从夏天启动的时候偶尔抖动发展到现在冷车启动十之八九要抖，症状是打着火转速上升阶段不抖，转速降至1200转时开始抖，好像缺缸一样，排气也跟着噗噗响，有水喷出；持续时间有长有短，有时持续1分钟，有时持续十几分钟，然后慢慢幅度变小，恢复正常，折磨啊
20161102105319|980|4526|最近发现一个问题，只要道路稍微有点颠簸，车头里面就会出现异响，响声就好像敲瓷缸的声音，“当当当”的，气温在5度以下时特别明显，而10度以上基本不会出现这种情况，不知是不是车子有问题
20161102105819|0|0|大家有没有注意，关门后，上面中间的缝隙有一指宽，我想跑起来，那里风一吹肯定风躁很大
20161102105819|1|3|仔细看，新车地盘肯定做过防护，但是不全，而且不结实，指甲一抠就掉了，摸起来发粘，所以防护性能一般，如果在沿海或滨水地区，行走时地面飞沙走石，容易损坏原有防护层，锈蚀就容易发生，而且底盘一旦锈蚀，就不可逆转，因为你不可能经常趴在车底看看，所以当发现有问题的时候修补起来费用就大了
20161102105819|32|319|?目前为止的性能状况~大概是我之前只开过老爸的领驭，那座位实在没有小V的舒服，方向盘也只能适合男人用，又大又沉
20161102105819|32|321|偶尔早上出库时原地打轮有吱嘎声，首保特意检查了一下，没有问题~发动机声音大，这个情况挺普遍的……一般路口绿灯起步时，那声音吼……然后嗖一下就蹿出去了……不知道别的车是不是也听见了所以不敢靠近，汗
20161102105819|32|323|刹车，这个问题自从XX门后开始关注，只有一次是洗过车后慢慢开着，到路口正准备停，突然刹车松了一下但马上又好了，这惊险啊
20161102105819|38|342|（不喜欢通用的横杆，两头突出还太高，不美观
20161102105819|49|577|因为过度“托大”，NF御翔已经成为一款标准的失败产品，若此次ix35依然重复当初的错误，那它同样难逃滞销的噩运
20161102105819|65|610|还有一点点，感觉这车稍微大了一点点，有点臃肿的感觉呵呵
20161102105819|95|685|3、没有氙气大灯，也不能选装，随动转向更别谈了
20161102105819|95|688|6、车内塑料感较大，尤其门板内侧，和悦动的也一样，划上道道就弄不掉了
20161102105819|95|689|7、用料一般，关车门厚重感较差
20161102105819|101|708|严重的质量问题
20161102105819|106|717|清明我们这边在广场有车展，终于见到35.做工一般，塑料感太强
20161102105819|134|883|央视刚刚报道：丰田系列的车辆，在福建省永春县湖洋镇的一条街上，全部中控锁集体失灵
20161102105819|134|884|不能开也不能关，强制要钥匙打开车门，车辆报警器鸣叫不停
20161102105819|136|904|发现一个问题,每次上下车的时候,座椅的高低调节拉杆都会碰腿,经常需要重新调节高度,大家是不是也有这个问题.
20161102105819|137|905|今天08款新胜达在高速路上突然变速箱油封大量漏油，机油四溅，被后面的车发现叫停，刚去合肥4S检查发现部分齿轮磨损，说要自费维修，为什么要自费啊，才2万公里还在保修期内，现代车质量怎么这样差
20161102105819|138|909|我的小V是1.6MT的，门上的防擦条是用双面胶粘上去的吗，最近发现有要掉下来的迹象啊，防擦条?和门之间有好大的缝隙啊，晕啊~
20161102105819|153|953|今天开车的时候,在转动方向盘的时候,发现车速度慢,基本相当于原地较快速转动的时候,会有一些象是电流一样的怪音出现.大家试试看有没有有?这样正常吗?高手说下吧
20161102105819|169|1158|尤其是早上，大多数人都觉得光线充足，但汽车的感应器还是判断为光线不足，自动打开头灯
20161102105819|169|1165|首先是通话质量，由于麦克风与嘴巴有一定的距离，而且车内的环境相对嘈杂，所以经常出现对方听不清楚的情况
20161102105819|169|1166|还有的就是对方的声音是通过汽车的喇叭播放出来的，要是车上有其他人在（绝大部份时间是这样）的话多不方便啊
20161102105819|222|1435|有时响有时不响响的时候少，就像备胎活动的那种声音，有知道的吗
20161102105819|258|1620|神2就是后排空间有点小
20161102105819|285|1700|?再看看内饰，怎一个惨字了得，设计的造型不错，这个我不否认，但用料惨不忍睹，还是那句话，与我那几万块的威乐用料一样一样的，——看到这里，我感到自己受到了强烈打击，很气愤，这么大力气设计出来的一款车，竟然做成这样
20161102105819|300|1755|该车在买回半年左右就有两条轮胎鼓起好几个包，当行驶三万多公里的时候又换了两条新的轮胎
20161102105819|300|1756|车门锁经常坏，四个车轮轴承和减振换过好几次，就连方向助力也会出现罢工的情况，好多的零部件刚过质保期就出问题了……………总之，通过使用我真的很惊叹吉利厂的技术和推脱责任的本领真的是世界一流
20161102105819|319|1850|YS的国产售价是比较厚道，但是入门配置是在太寒酸，而且国产以后造型也胡乱更改
20161102105819|331|1912|说句不好听的，翻了车安全系数还降低了
20161102105819|359|2083|蓝鸟的悬架实在是太软了，我想弄个缓冲器加上去，不知道大家有没有用过的，谈谈感受
20161102105819|361|2138|5，内饰太塑料了，包括中控，基本是硬塑料组合，看上去还行，手感真的很差
20161102105819|365|2193|就是稍路状不好的地方有一点颠的地方前工作台就有响动
20161102105819|373|2217|再说内饰用料真的挺垃圾的，和我现在的马3一样到处是硬塑料没档次
20161102105819|409|2391|最近一次进自动洗车房时发现确实天窗有漏水现象，不过平时下雨天开车到时不会，是不是因为洗车房水压比较大的缘故，不知有没有解决的办法，4s店难道不知道天窗有问题
20161102105819|410|2394|车噪有点大，我的爱车元月提的车，到现在为止跑了将近7000公里，目前我最高车速跑到150，没有飘的感觉
20161102105819|411|2398|现车实地观察:???底盘太低了,???离地才17CM,????还谈什么越野能力啊??,??连个马路牙子上去???,估计也要磕底盘了,杯具啊!!!?(1)?底盘抬高3厘米(2??)降价2万?否则-------------哈哈哈
20161102105819|430|2454|6、内部空间确实一般7、后排没有空调出风口，一个20万的车，连这个都省，未免也太不厚道了吧
20161102105819|453|2564|同样是2.0的，发动机好像没有劲
20161102105819|453|2566|本人开2.0rav4，ix35速度超过80噪音明显增大
20161102105819|686|3764|趁着人少按了下喇叭，喇叭声音让人失望，不浑厚比较单一的声响，滴滴滴那种
20161102105819|686|3770|最最后有个遗憾，没有氙气灯（个人习惯不喜欢夜间开远光，远光用来对付晚上上路一路远光的瞎子车）
20161102105819|691|3790|??2、提速比金刚差（个人感觉），加油时必须用钥匙开锁很不方便
20161102105819|700|3832|?缺点：1.内饰做工粗糙，虽花哨但不精细，只能说比KIA狮跑强
20161102105819|717|3897|浅色内饰，坐一次心痛一次
20161102105819|745|4031|?客户也反映小石子击打车身声音特别大
20161102105819|776|4197|总觉得大灯不亮不远????总觉得音响重低音太差????谢谢各位啊
20161102105819|784|4274|中控台，这个最要命，硬塑料感太强，感觉不显档次，其他倒没什么，就等有机会驾驶起来感觉一下动力和操控了
20161102105819|845|4597|内饰也太粗糙了
20161102105819|938|5112|2、起步提速的时候好像有点风啸的声音，当然，不是很明显，在安静的环境下听的比较清楚，其他TX有听到吗
20161102105819|968|5294|优点暂时不说了，缺点是没有自动落锁，太不安全了，昨天我们全家去磨车，老婆抱着1岁的女儿，没防住小家伙居然把车门的第一道锁拉开了，当时时速70左右
20161102105819|975|5328|看了那么多图片和视频，觉得这车太窄了不大气，还没见过样车，希望不是这样
20161102105819|997|5404|顶棚设计的低矮使得坐在车里的压抑感很强烈
20161102105819|997|5406|要说一下现代，SUV空间搞得这么局促，顶棚这么矮这是什么理念
20161102110319|0|1|?????此次召回原因在于，生产过程中，发动机进/排气门弹簧材料中混入了微小异物，使弹簧强度降低，严重时可能导致行驶过程中发动机停止工作
20161102110319|13|47|是这样吗?在4S店里开着车窗启动车，感觉声音有点大
20161102110319|42|154|不知黄金盘，空调，方向机异响等问题一汽改好没有
20161102110319|45|166|6月6日提的威驰1.6AT，现在1060多公里了，这2天感觉车子有点怪，车子20、30码速度，在水泥路上开的时候感觉很晃，速度快和在柏油路跑的时候就没有这种感觉，轮胎有气~~想请教下各位大侠是什么原因
20161102110319|45|167|另外最近冷车插钥匙通电的时候，在司机左前角位置能听到有很小的吱吱吱吱的声音，响一下就没有，每次都是这样～
20161102110319|60|198|以几天试架小5，发现自动档的档杆胶质感太强，能换一些大气的档杆吗
20161102110319|98|577|升级后，动力有明显不足，肯定油耗就会升高
20161102110319|153|1192|经过昨天上牌验车（两次急刹车，仪器搁在车上，搞定）我的保险带不系报警声音没了，不系的灯会跳的，不知什么原因，等天气好去昨底盘装甲时去修
20161102110319|153|1194|油耗好像是有点厉害噢，尤其对我这新手来讲：我提车时加的２００元，今天开了１９０公里，第二格在跳了
20161102110319|203|1390|新车全部都在市区跑，偶尔压个井盖过个小坑什么的，也能把水壶颠破，一汽的水壶是纸做的呀
20161102110319|206|1395|有没有高人进来说说，我们的50前排座椅实在是高了点，我对比过，马6的座椅高低非常合适，而其包裹性也非常好，什么时候搞个二手的，换了它
20161102110319|207|1399|请教大家，怎么控制油门啊，有点滞后，轰机器哦，老是熄火，无语了，请大家教点好方法
20161102110319|225|1485|还有熄火关窗户的时候，好像熄了火之后，钥匙打到行车电脑状态，只有驾驶座的车窗能关，其他三个窗户都关不了了，非得又打着火再才能关窗户，你们是这样的吗
20161102110319|237|1591|右后门从外面开有点涩，不是儿童锁的问题，哪位大侠知道怎么解决，敬请指导，谢谢
20161102110319|329|2113|大家好，不知大家遇到没有，提车两个月工作台上面储物盒的盖子变形了
20161102110319|330|2115|途安大毛病没发现，但是发现后轮支架钢梁已经开始生锈，漆皮脱落了
20161102110319|403|2398|我打电话问4S店的MM了他们说大众的车都不亮
20161102110319|404|2401|拉不开来发现拉手下面的那个锁不到位试了几次还是如此后来开门关门试了几次??有时好有时坏上午去4S店看了我才把问题一说工作人员就很肯定的说是自动锁坏了没货要定我说是不是B50的车这问题很普遍啊他说是的我晕??新车那?才一个半月?郁闷哦有没有哪位也碰到这样的情况?
20161102110319|412|2463|2、后备箱滴水我觉得后备盖设计存在缺陷，在打开的过程中，盖上的水会滴入后备箱中，雨大时会滴进去很多
20161102110319|416|2489|与ix35相比，Tiguan的外观则略显平淡，保守的造型、稳重的线条，与大众的其他车型一脉相承，缺乏新意
20161102110319|442|2652|但这种车最明显的就是小马拉大车，动力不足
20161102110319|449|2684|装了防盗器后为什么只有主驾驶门开门灯才会双闪其他门不会，还有在开了防盗后车门没锁好都没有闪灯报警提示除了主驾驶门有，你们有装防盗的也是这样吗
20161102110319|460|2752|试驾一次，感觉动力确实不是很顺畅
20161102110319|516|3031|不过，玻璃升到顶时，能明显的看到门内饰抖动一下，几个窗都有此问题，估计是设计的时候，没有考虑到门窗框与玻璃的安装精度吧，不影响使用，不当是毛病吧
20161102110319|535|3117|即使启动成功后，觉得动力比以前下降了，在走坡道时感觉明显偏软
20161102110319|535|3118|在排除开空调，影响动力的因素后，他怀疑是发动机出了问题，将车子送到4S店去修了好几次，维修人员也没查出什么毛病来
20161102110319|535|3124|即便启动成功，也会造成油耗过大或发动机过热
20161102110319|624|3705|不开不知道，一开吓一跳，动力太一般了，
20161102110319|682|4031|5.剩余行驶里程不准确，前后变化幅度较大
20161102110319|682|4033|6.高速路上胎噪、风燥都稍大，开窗跑乱的很
20161102110319|699|4132|2.A柱视野不好，两端均有盲区
20161102110319|721|4215|???美中不足：?????????一、停车后车底有异响，滴答滴答的，但是感觉应该不是质量问题，像是某种东西在冷却
20161102110319|721|4219|?????????三、黑内饰容易脏，特别是像我这样家里有宝宝的，小家伙几个来回，车里到处是灰色的鞋印
20161102110319|724|4238|前几天发过同样的帖子就是我的车走在路面不平的道路上会发出异响刚开始我听着好像是从两个后门发出的可是这几天我听那声音好像是从后减震发出的不知有哪位车主有这样的情况说一下是怎么解决的在这里先谢谢了?
20161102110319|777|4577|等10几分钟后再开动车子，总感到车子的动力有点涩涩的，不是很顺畅
20161102110319|777|4578|油门相比之前要点大一些车子才肯动的轻巧
20161102110319|853|5066|但是这两天发现了行车过程中隐约能听到右车门异响（论坛里有朋友提过这个问题），在仔细听过之后，发现其实不是车门响，好像是变速箱或者地盘响，因为在响的瞬间我手放在变速杆上有一点点感觉到抖
20161102110319|854|5070|回天津的时候走沿海高速最高拉到170，再高就不敢跑了，发动机声音比较大
20161102110319|864|5121|????大家的小5空调制冷怎么样呀，我是7月5号提的车，这两天天气太热，开空调根本就不管用，如果开到六，七档的话噪音很大的，制冷效果也是不明晃，还不如同事的威乐呢，大家的怎么样呀，有什么办法改善一下呀
20161102110319|882|5223|?空调制冷不是很好
20161102110319|912|5470|在说说它发破心脏，在高速上想超个车是真费劲，还是2.5顶配的呢，跑的140的时候明显感觉车身不稳，有很大的晃动，而且噪音很大，上了160以后我油门都踩到底了也不见车速往上生，咋就那么慢腻
20161102110319|912|5471|在到170的时候我感觉那车好像是极限了，发动机的声音很难听，简直就像是个大解放141，替它悲哀下
20161102110319|912|5472|还有那破音响，更是没个听，音乐一点都感觉不到有环绕，唉，在说入弯，刚跑80入很大的弯，不是很急的那种弯路，那简直就像要翻车一样，提速还提不上去，艾木外瑞外瑞的闹听，不会打英文用中文代替了哈，没办法还得继续开几天，还是期待我的小四早点出院吧，阿弥陀佛
20161102110319|913|5473|发现储物箱盖变形了，昨天给4S打电话问了下怎么处理，说免费给换新的，约好今天去修理
20161102110319|914|5477|35走砖道方向盘抖得厉害?
20161102110319|931|5581|小毛病也不少，比如雨刷响，空调响，转向柱有轻微响，后备箱助力不足，发动机噪音等等
20161102110319|975|5818|原因是这样的：由于价格限制，只能买1.6的，这款发动机动力不行，300转以后噪音大（50也不小）
20161102110319|975|5820|变速箱是老4at，急加速降档延时比较厉害，接近2秒
20161102110319|975|5822|最重要的是该款以后的样子我实在是没有办法接受啊，屁股翘的老高加上夸张的大嘴，完全没有了老款的神韵
20161102110319|975|5835|韩国人不厚道…其次储物空间少，太少，和小五没得比啊
20161102110319|975|5838|感觉车很单薄，后悬架很硬，隔声不好，噪音大
20161102110319|975|5869|还有要说的就是前几天的碰撞图片大家也都看了，硬塑料的内饰破裂的很严重，容易伤人，赶紧改进工艺吧，不要叫新的朋友失望
20161102110319|975|5873|我的车是2月份生产的，先期小白鼠车主遇到的诸如雨刮器异响、仪表台异响、转向机异响、变速箱锁3档等很多毛病都没有赶上，买车时已经是第二版ECU程序了，二档乏力也基本解决了，但是后来依然发现了很多问题：1.左前门要用力才能关上，提车时4s说是新车，胶条太厚，用用就好了，后来发现是通病，不过习惯了就好了，不是大问题
20161102110319|979|5904|驾驶室的窗户控制左后窗户的键按不下去啊，可以抬但是按不动?其余3个都好使，谁知道什么毛病不
20161102110319|989|5922|?还有现在感觉空调不怎么好，要开到最大，还要开内循环才不感觉热，你们的呢
20161102110319|993|5931|刚上车时觉得空间狭小，但心里还不愿意承认，随着走得越远，这种感觉已是千真万确的了——这是事实
20161102110819|0|0|准备出手2.42驱看到坛子里好多朋友都说全景天窗有异响，请问哈能不能把全景改一般的，我本人也本来就不喜欢全景天窗，谢谢各位给点建议
20161102110819|9|47|E200怎么没有把音响的音量大小声显示出来
20161102110819|25|103|虽然知道不是什么大问题，某些位置该上上油，可是我原来的车是开了4年才有这样的异响，够郁闷的，不知道有没有一样情况的兄弟
20161102110819|44|197|?????2.车子开起来噪音有点大，朋友说是轮胎问题，他的70也是这样
20161102110819|45|202|现在发动机声音有点大，希望换好点的油可以解决这点
20161102110819|62|294|缺点就是第三排的空间太小，而且听说有网友反映噪声大和方向盘有问题，虽然问题不大，但我觉得途安还是比较适合中年男人吧
20161102110819|80|405|??早上启动，刚启动就发觉抖得厉害，空档的把手抖得非常厉害
20161102110819|118|559|我的B50手尊版，在每天早上起来启动的时候，预热阶段，发动机的声音好大，还伴有哒哒的响声，不知道是什么问题
20161102110819|151|684|今天开车回家，快到小区门口时，感觉发动机声音不正常，一看水温表，水温超高，都到红线了，心里一想NND，出问题了，离车库还有500米，慢慢的遛回去，到了车库刚停到车位上，好像闻到了胶味，突然，吱、吱、吱，前面车盖冒白烟，吓了一大跳，赶紧熄火下车，先闪到一边（没经历过以为要爆了），过了快1分钟，发现没爆，走过去打开车盖（好热啊）看到水箱接管还在小冒白烟，一看杯具啊，水箱管因为皮带边上断了几根丝打到管上，水箱管破裂了，水也快漏完了
20161102110819|172|858|另外，冷车启动后车前部（好像是散热器部位）风扇声特别大，热车后2-3分钟恢复正常声音
20161102110819|176|882|感觉雨刷电机声音大，油耗大，达到15个左右
20161102110819|226|1397|底盘做得太糙是一缺点，如果不信，钻入大众车和M6底下就会看出区别
20161102110819|226|1398|车壳太薄、车重过轻是另一缺点，安全性有一定隐患
20161102110819|226|1417|总体感觉还可以，但是缺少大车的感觉，悬挂过软，在后座乘坐，短距离就会晕车
20161102110819|226|1457|就是内部空间太窄，180cm以上的同志建议不要坐或开君越，内部空间要比你想像的窄得多
20161102110819|237|1616|但闷闷的喇叭实在叫人不爽
20161102110819|242|1638|另外内饰硬邦邦的，塑料感很强，做工一般偏下，本来35就不是很好，但它比35的还不如
20161102110819|252|1686|此前，在论坛里听说过ix35的异响，今天跑完长途加上约20km的不太很差的烂路后就听到了右后备箱里传来了很不爽的“卡啦”声，尤其在路面不平时明显
20161102110819|254|1693|最不满意的有两点，一是车轻皮薄，和我现在的奇瑞A5一个重量，车门关闭的时候的厚重感还不如A5，35在北美碰撞指标非常好，估计到中国也偷工减料了；二是中控台灵气有余厚重不足，不够大气，当时坐朋友新买的新君威，一下子就被那厚重的中控台给吸引了，非常有高档车的感觉，也为此差点就定了新君威，但由于有一辆轿车了，SUV是必须的，才忍住了冲动，这几天新君威的小MM还给我打电话来着，说有优惠了，让我过去再谈谈
20161102110819|261|1780|车辆以中速以上速度行驶时，底盘有周期性响声，严重时驾驶室和车门发抖，方向盘强烈振动，直至于手发麻，这是由于方向传动装置动平衡被破坏，传动轴及其花键轴和花键套磨损过度引起的
20161102110819|271|1974|???对于Ix35，很多人反映减震不好
20161102110819|309|2159|行进过程中出现换档松油、给油时档把抖动厉害
20161102110819|310|2162|我的音响有一边好像接触不好，声音时有时无
20161102110819|336|2313|去年底买了辆奥德赛,一直以来内部空间气味很大,自已时间长了勉强能够撑得住,其他朋友一上车,感觉真受不了,四S店也去看了,说没辙,做车内除味两次花了一千多,柚子皮,柠檬,活性炭,全用了,也没有什么效果,急人!!!!!!!!!!!!!!我QQ号码是,188637627,请有经验朋友提点参考意见,帮助我解决这个问题,重谢!!!
20161102110819|341|2330|??????我的金刚现在唯一存在的问题，也是困扰我三年的问题——点火后怠速抖动，具体症状还是打着火以后发动机抖动，有时十几秒，有时几分钟以后恢复正常，排气管尾气有汽油味，曾经去4s店用检测仪读取故障码，奇怪的是汽车电脑中并没有故障码，先后换过水温传感器、汽油滤、火花塞，均无作用，迷茫ing······??????我离4s店很远，去一次也非常不容易，只有求助于论坛上的各位大哥，应该再怎样排查故障呢
20161102110819|358|2587|2.0的排量感觉加速的时候油门转速好高啊，还有如果换成255的轮胎能行不
20161102110819|483|3158|可惜内饰太简陋，2吨多重，耗油且喝97的，2.0T发动机维护不便宜
20161102110819|544|3406|灯光不行
20161102110819|544|3423|没什么很强操控性
20161102110819|545|3427|我的10胜达左面开始以颠簸就有响声，好像是左后方，上4S他们没听出来，现在声音很大了，查不出来，大家帮忙看看有没有这么个情况,就是以颠簸就响，还不是门子里面的，门子打开看了里面固定的很好，声音就感觉是什么东西松动了
20161102110819|594|3754|5T的动力稍差，特别是起步的时候，本人没试驾过谢谢大家啊
20161102110819|597|3764|喇叭声是很小，但是本着环保和减少污染的角度看，也说得过去
20161102110819|651|4152|滴了一会就不滴了，但地上也好大一滩，发动车怠速发现也滴，难道行车在路上也滴吗
20161102110819|652|4154|1.0以上排量将大幅上涨
20161102110819|794|4874|第二天还是老样子，烧油没有怠速，车突突，发动机抖动厉害，准备去4S店看看，郁闷死了
20161102110819|856|5153|由于发动机故障灯亮导致无法发动参见老帖：http://club.autohome.com.cn/bbs/thread-c-98-8311396-1.html心里极度不放心，前天去SSSS清洗节气门和进气歧管首次发作业，废话少说，上个图这是拆下来的节气门，感觉有点脏了进气歧管没照，借用网上的图片，途中红圈部分直接拆下来，用专用清洗剂清洗，一共用了4瓶，13元/瓶
20161102111319|21|58|车漆真的太脆弱了，连厂里长安小面的车漆都比他硬
20161102111319|23|75|本来想8号区维修店让师傅看看，9号周日去看一个人，早上打火也是显示灯亮，且档把抖动，感觉车抖动，热车3分钟后依然如此，就开吧，按照以前师傅告诉的，低档高转速，大概跑了30多公里，下午回来的时候突然发现灯不亮了，应该没问题了
20161102111319|23|78|而且估计油燃烧不充分，因为1个周前加了200元的93号，大约30个多（武警加油站，无发票，便宜3毛），按理说应该大概跑400公里左右（以前基本都是这样），跑到200多公里油就差不多到最后一格了（平常一般跑400公里左右），到现在350公里左右已经远远在最后一格一下了
20161102111319|23|79|?这次耗油厉害，不知道怎么回事
20161102111319|23|80|?停了几天还是发现灯亮，去维修店测一下，果然是缸2燃烧不充分，先清洗一下节气门，删除故障灯，再跑跑看情况，如果实在不行的话，再加燃油添加剂，正好过年回老家跑高速拉拉，维修店师傅不建议拆缸清洗等，因为这个是雪铁龙的通病，包括凯旋、C5等，都这样，现在SSSS点强制他们保养时添加燃油添加剂，提前预防，以防车主都提出这个问题
20161102111319|24|84|开了几公里，目前发现问题是一档难挂，方向沉，档位难挂是通病，方向沉大家有没有
20161102111319|27|88|我感觉远景的尾灯不太好看，我有一次看到别人把尾灯给贴上罩了，加上了亮条，就和有些现代途圣似的，谁的改了，能告诉一下吗，我也想改
20161102111319|45|179|但这套系统并非为越野而生，因为是粘性耦合结构，森林人的越野能力并不出色
20161102111319|45|180|◆多连杆式独立后悬挂???●指南者????指南者是一款JEEP面向城市用途的紧凑型SUV，在刚推出的时候，被人认为是一款“最不吉普的吉普车型”，因为它没有非承载式车身，没有大排量的发动机，越野能力也相当一般
20161102111319|48|204|听说三菱SUV噪音极大，那天早起看一哥们打着森林人热车，凉车噪音也不小
20161102111319|79|486|我的烦恼：自从去年11月初三保过后，油耗大增，现在市区平均13L/100km左右，国道10L/100km左右
20161102111319|90|541|缺点：油耗方面不让人满意
20161102111319|111|590|从此得出IX352.04WD这款车的发动机是很费油的而且大大超出了工信部给出的11.8的市区油耗怀疑是空滤或者是油气燃烧不完全问题建议能引起厂家的足够重视，油价是最关系车主利益的东西
20161102111319|111|592|不多说了上图吧别克为全程空调座椅加热外循环都是比较费油的开法也没去温柔的对待油门平均时速15.1（不要看成151，看转速表就懂了）平均油耗12L/100KMIX35可参照我以前发的油耗统计的帖子因为IX35没有平均油耗统计
20161102111319|140|743|???????????????????????????????2.左前门的空隙真的好大啊，冬天的风那是个忽忽的
20161102111319|143|783|不足：外形不够大，后备空间有点小了，还有那天杀的加价
20161102111319|143|786|不足：外形不象SUV，内饰不象日系车，后期的保养费较高
20161102111319|156|819|途安在我看来，在实际使用来说至少有三个缺点：一是7座太牵强；二是后排空间并不像车外观看起来那么大，我原来看的狮跑、途胜等均比途安略微宽敞，途安毕竟是MPV啊，马5中排放倒最后至少要比途安宽敞一个手指（但毕竟马5轴距还是比途安长不少啊）；三是座椅两侧因为车体的凸起导致座椅放倒最后，无法向后调整角度，躺着旅行成为奢望
20161102111319|200|986|继续行驶加速又发现一个问题2.4的消音器噪音好像大了点
20161102111319|235|1111|第一、怠速不稳很多原因是天冷，冷车启动润滑不够，热车后基本可以解决
20161102111319|297|1554|这里要鄙视一下BJXD，点烟器插口的供电线特别细，肯定无法负载较大的电器
20161102111319|344|1755|?就是喇叭不太好摁
20161102111319|372|1871|山路跳挡现象：由于山路多，车子颠簸厉害，车出现了频繁跳挡现象，车开着开着却往后退
20161102111319|491|2412|我的10款才跑了三万公里，可现在车内异响是越来越严重了，而且不止一处，最严重的要算右侧面板那一片，已经让人到了忍无可忍的地步，唉，太夸张了，三十万就买了个这样的东西，该死的异响，我以前十万块的马自达也没有像这样呀，各位仁兄，你们的10款有没有这样，有没有解决的
20161102111319|493|2415|异响目前有三处，第一处副驾驶座椅底部“吱吱”异响声，4S店把整个座椅底座换后消失
20161102111319|527|2761|小三的左右后视镜不带加热功能真的很不好
20161102111319|633|3435|最近发现开暖风的时候，暖风的噪音很大，不是出风的声音，而是风扇的机械噪音
20161102111319|764|4359|转速1500，噪音很大
20161102111319|764|4361|但今天早上打火时第一下没有启动，车乱抖，发动机带死不活的，生音像个破拖拉机
20161102111319|838|4703|开后感受背箱小没有放工具的地方售后服务差用手动时不太灵敏
20161102111319|843|4709|偶然发现天窗关闭时前后天窗不一般高，好像前边的高些（2-3毫米吧）
20161102111319|847|4719|指针一直在抖，最后索性固定到10码不动的，不管车速多少都是10码
20161102111319|897|4952|震动感觉也厉害了，真不知道是自己的感觉还是车的问题
20161102111319|905|4965|发动机的声音这么大?我弟弟的广本SUV都没我车的声音大
20161102111319|915|4999|后排出风口占了位置，所以没有了中间储物箱，感觉不方便
20161102111319|940|5167|1、车门不好关，不知道有办法解决没
20161102111319|940|5171|4、轮胎噪音有点大
20161102111319|940|5172|5、音响不好
20161102111819|3|62|新车都有一股刺鼻的气味，开车时如果不开窗，十几分钟后就薰得眼睛睁不开了，很是难受……恳请大家支支招，有什么方法能快速消除车内的异味
20161102111819|273|1933|感觉油门非常重，要用力踩才有动力，尤其是起步的时候，这需要一些适应
20161102111819|283|1997|另外就是在下雪天（路面湿，但没有积冰雪）试过0-100加速，轮子空转打滑厉害，测试时间是为9秒，看网上评测为8.4秒，当然这个数据是我自己心里默念的，哈哈，不知道路面干燥的情况下时间会不会再短一些
20161102111819|283|2003|当然最为不爽的事竟然没有倒车雷达
20161102111819|354|2562|缺点，发动机响声挺大，关了音响后，座在车内很吵
20161102111819|358|2613|但是价格太贵了，249800元一分不少（劲酷版）
20161102111819|375|2714|但是阳光最致命的缺点悬挂减震太差加速过弯车身甩的很大过凹凸路面的时候就像没有减震器一样很小的坑包都震得车里铛铛响这点对阳光来说很不给力，就像坐在纸壳箱子上拉着跑一样
20161102111819|407|2811|美国车有点傻大个，耗油大，油门、刹车反应迟钝，也PASS了
20161102111819|448|3073|我朋友买的索兰托油耗太大了，13-15个油呢
20161102111819|507|3506|没普通版的舒适，运动版的偏硬，减震没有智雅版的好
20161102111819|666|4379|车子停过一晚我今天下午启动车子，车子排气不畅好像有东西堵着一样，出气一阵一阵的，而且很黑很丑，这种情况有半分钟我见不对，就立马熄火，过了一会启动又正常了，不知道是怎么回事
20161102111819|666|4380|不过我的排气感觉汽油味很大，叫93号
20161102111819|682|4488|????3.高速风噪大
20161102111819|814|5287|这喇叭不换不行，声音给人感觉档次低
20161102111819|828|5439|另外，日产全系的那个方向盘和排挡杆，真的是难看爆了
20161102111819|834|5527|我感觉耗油量挺大的
20161102111819|846|5593|几点不满意：1.方向盘确实重了点对于女士来说2.找了N年也没找到独立的开后备箱的按键...原来压根没有啊....其他的还在探索中，有了发现会与大家分享.满意度95%动力，北京家用足够空间，我和LP都苗条，一点问题没有内饰，如果你和大众，奥迪那些金属内饰比，觉得有质感多了
20161102111819|725|4710|响，声还很大是吧
20161102112319|1|1|我的车刚过300公里，在走颠簸路面时，右前门发出“咯支咯支”的细小声音，声音虽然不大，但是很是烦人
20161102112319|23|230|各位兄弟，请问你们的是否有这个问题：我的是远景1.5尊贵版，倒档总不是很好挂，踩下离合几秒后才挂倒档，但较常听到车底的声响
20161102112319|84|536|但是，与其“安全车”的美誉以及高增长的速度不相匹配的是，沃尔沃在最近几年饱受质量不过关的质疑
20161102112319|84|537|尤其是去年深受发动机安全隐患问题的压力，为避免重蹈丰田覆辙，沃尔沃相关负责人不得不公开声称：“我们和丰田不一样
20161102112319|89|572|现在车下面老响，走小石头路和过坑，或不好的路，那个感觉差啊
20161102112319|123|917|我的跑跑为什么每次在40到50麦的速度在路上遇到比较大的坑的时候，压上去会发出类似避震器颠倒底的声音
20161102112319|126|929|我的是10款豪华版的，DD车里的喇叭数量不少，前后门都有，但是效果貌似不是很好，有时有杂音，不知道2.7排量的音响和10款的是不是一样的，音质咋样
20161102112319|145|982|但是发现车门要用劲才能关全，尤其是右后门，而且从外面听不到厚重的声音，途胜居然门不关全（还留一条逢）也能上锁，这是否是设计漏洞，能否调整
20161102112319|170|1055|大伙可能觉得我折腾，我也觉得我确实折腾，因为车有异响也正常，毕竟是车但我这人对声音特别敏感，车里如果有声音总会去响
20161102112319|259|1934|?粗略看了一下大概，发现几个小问题：1：内饰的黑塑料部位，特别是接缝位又挂擦的小痕迹，看了旁边的跑跑，也发现这个问题2：发动机启动后，打开引擎盖，听发动机的怠速声，听到“滴滴滴滴”的声音，反正我形容不出来，去旁边的试驾车上停了一下，也有这个声音，我搞不懂了，这个正常不
20161102112319|329|2448|多功能按钮在方向盘上的，很不好按喇叭，极端情况下会很危险
20161102112319|458|3128|发动机烧机油有点严重了，500公里发动机里的4升机油能消耗一半
20161102112319|471|3203|今天早晨开车有跑了一圈，类似咚咚的声音还有，但是时有时无，好像不是轮胎发出的声音，而是地盘发出的声音了
20161102112319|490|3595|危险沃尔沃，这个标题真是对号称世界上最安全汽车的沃沃最大的讽刺
20161102112319|510|3661|老板亲自试车，结果前右减震不好，稍微漏油，左前也不太好了
20161102112319|669|4488|大风那个吹，噪音那个恐怖
20161102112319|703|4632|我提车已有4天多了，我的是手动豪华版的，我怎么感觉这个车，起步提速好慢啊，干加油，速度就是闷闷的上不去啊
20161102112319|782|4947|?沃尔沃的质量真是差啊
20161102112319|831|5204|?听说小三出厂时的胎压都过高,每次过减速带的时候都提别的颠簸,不知道要放到多少才比较合适?请各位TX指点下!这里先谢过了
20161102112319|833|5216|第一感觉有点失望，与想象中不一样
20161102112319|833|5221|车内饰非常失望，完全没有科技感
20161102112319|910|5555|现在发动机在停车起步加油时声音明显增大，最难过的是有尖锐的哨音，去4S查过没有问题，有2个月左右的时间了，保养了2次，5000和7000左右的时候
20161102112319|977|5934|?都知道，跑跑噪音比较高，想换个好鞋，但是又担心尺寸问题，米其林没这个型号，烦躁的很啊
20161102112819|19|64|?我想说的是，是现在的汽油质量真的不行了
20161102112819|19|65|还是车子便宜了做工不行了
20161102112819|42|137|大家好，我的是1.5CVT乞丐版，现在已经跑了1700多公里了，最近这几天开车发现个问题，就是，车在行驶的过程中有顿挫感，车速不超过40，减速，不睬油门也不睬刹车，感觉车有顿挫的感觉，车速在20的时候，加速踩油门，也有顿挫的感觉，不知大家有没有碰到这种情况
20161102112819|44|142|昨天才注意到，车在怠速时，转速表指针一直在上下漂移，就像风吹的一样，幅度不大，在一个格以内
20161102112819|46|151|我昨天揭开后箱备胎上的隔层，偶然摸到备胎下面那块备箱底板，哇，好烫，估计有6--70度左右，个人感觉这么高的温度是不是有些危险，天气有这么炎热，我的是2.0两驱GLS版
20161102112819|55|169|刚提车两周，今天去青岛玩，用了下导航，觉得不是很好用，是不是没用习惯的问题呢
20161102112819|76|247|奥德赛的噪音太大是不是和轮胎有关，还是和车本身的隔音有关?
20161102112819|94|308|这与说明书上理论设定车速182km有很大差距,4，定速巡航存在缺陷，稍微加速或者遇到上升坡度转速变化惊人；5，刹车时部分车辆刹车盘异响；6，新车熄火后排气管异响
20161102112819|95|348|而且油耗有点高了，目前400公里，均速15.6公里每小时，百公里23.1，不知磨合后是否会好些
20161102112819|112|430|5.有次开车途中安全气囊灯亮了，检查方向盘没有异常，回家后继续求助论坛，按照论坛所讲检查了驾驶座下的插头，从新插了一回好了
20161102112819|112|440|7.有一个毛病一直没处理好，方向盘发抖
20161102112819|112|441|最初100-110左右开始抖，经过四轮定位，动平衡后开始感觉好些了但上了高速120-130发抖，到现在也没根治
20161102112819|114|446|关于大智方向盘的问题?不知道各位拥有大智的车友是否出现这样的问题?无论大智是在行进中还是静止状态?大智的前轮在保持正直的前提下?方向盘是偏转的?且是往左偏转了大概15°左右?有类似的问题的车友说下处理方法先?谢谢
20161102112819|117|460|不好意思跟他买一样的，RAV4和CRV那垃圾的变速箱以及鬼子的脆皮直接pass，当时去看了看IX35感觉这车挺时尚，就定了它了，哈哈，上图
20161102112819|176|800|下午去死S店做了坑爹的保养、懂的帮我看看被坑了多少本来还有要我清洗空调什么的，觉得没必要就不要了后来又过来跟我说喇叭坏了，有保修电瓶要换空调格要换
20161102112819|244|1018|马上就二保了·····打电话问4s店说要四百块钱··我觉得太贵了···有的东西是不是不换也没事······要是换就换什么好啊·有经验的大家帮忙·······················
20161102112819|274|1251|一、后门异响处理绝招坛子里有人反映，智跑后备箱门有异响，我以“异响”为关键字在各车型的坛子里搜索了一遍，CRV、途观、奇骏、奥迪Q5/Q7等都有异响问题，上了100万以上的车异响问题相对少一些
20161102112819|282|1337|下面我对大家在使用CVT时遇到的最大的两个问题：动力不足和疑似打滑简单分析一下
20161102112819|282|1338|一、动力不足的问题CVT本身确实不以运动性见长，但时至今日CVT也绝对不是汽车动力的短板，至于为什么大家普遍感觉CVT动力不足
20161102112819|282|1346|坏处就是对驾驶员来讲缺少驾驶激情
20161102112819|296|1493|外形不是很喜欢，而且这个价位可选择性就大多了
20161102112819|296|1524|这车的发动机声音有点大，尤其是刚刚打火的时候
20161102112819|296|1525|胎噪声音也很大，升降窗户玻璃的时候声音也有点大，整车的隔音做的不是很好
20161102112819|296|1527|我是不喜欢悬挂太软坐起来飘得感觉
20161102112819|296|1536|这点太不厚道了
20161102112819|296|1540|缺点和大家感受一样，胎噪声音稍大，发动机声音有点大，隔音做的一般，轮胎太爱塞小石子了
20161102112819|341|1739|3：车速在120以上明显感觉动力不足，在节气门开度达到3/4以上才能勉强的冲到140码，这时发动机转速4000转，按照最大扭矩194NM/4600转，如果发动机的调校没有问题的话，不需要这么高的发动机转速，而且在经济模式100-140其实应该是车辆相对来说比较经济的范围，所以是否可以将降档模式进行取消，并将TCC锁止数据进行修改，在2/4节气门开度时以锁止来控制扭矩的平衡
20161102112819|361|1934|怠速开着空调时，有时偶尔车子抖动厉害，一颤一颤的，其他车子有同感吗
20161102112819|382|2023|0四驱，白色的，总的来说性能还是不错的，但作为20万以上的一款车，车窗不能自动关闭，防夹手功能只有驾驶窗有，车镀铬条也没有，总觉北京现代真不厚道
20161102112819|382|2024|高位刹车灯右侧有一孔，安装时炸裂了，说是要到4SSSS店去换，车窗镀铬条也没安好，南充4SSSS店服务冷漠，真是.....
20161102112819|402|2112|轮胎上好脏...中控台
20161102112819|403|2115|如题，昨天还好好的，今天一开车，打开空调的时候发现只吹热风了，不论怎么调节温度都没用，也不是很热，就是比较温暖的风，但是不是凉风
20161102112819|407|2124|在我的泡泡发生此现象前，我关注过IX35，IX35很多车辆都有此类情况发生，具体说法为：锁止阀由于磨损，产生间隙，所以出现此现象，自动档的车均会出现此类现象，但大部分自动挡的车没有出现，归根结底为装配工艺问题
20161102112819|414|2147|好久没发帖，可是一发帖是对自己爱车抱怨如此不受用，被异响折磨的没办法
20161102112819|423|2222|车里的新车味道到前天为止还很浓的味道，很讨厌，不过想了个好办法，我前天叫家里人去跟别人拿了几个柚子，剥开皮，肉不要，就单柚皮放到车里，很快消除新车味道，只要几天，现在几乎没什么新车味道了
20161102112819|423|2232|氙气近光灯偏低，没有提供大灯高低调节，只是提供随动转向，不满意
20161102112819|440|2336|回来时全车5个成人1个孩子（加上满后备箱的行李）感觉提速没有去的时候给力，而且超车换到时的晃动比去时幅度要大估计是小光到了满载的极限了
20161102112819|502|2633|那梁被减配固然可恨，没有那钢梁发生追尾损失会增大，这是事实
20161102112819|509|2689|严重抗议上海大众的无理减配
20161102112819|510|2692|劲弦2.0高配，开空调时有一声特别大响声，《正常运行没有》，请问你们有没有这响声，是空调毛病吗
20161102112819|516|2701|今天杯具了，中午加了100元93号油，开了没一会，发动机排放故障灯一闪一闪的，而且动力下降，油耗增大，哪位高手能告诉我这是为什么
20161102112819|526|2751|还记得那是刚买车第一天，第一次进地库，悲剧就从那天开始了，底盘左侧有块类似棉质的护板就被撕裂了，低头一看就可以看到一块三角形的板在那翘着，以后每次进地库的时候都能听到轻微的剐蹭声，只是声音一天比一天小
20161102112819|539|2986|奥迪的漆没事，车门瘪了一点
20161102112819|574|3188|索纳塔家里人不喜欢
20161102112819|574|3216|不知道大家有没有过这情况，准备过几天去4S检查下到底哪里出了问题，新车5000公里空调就出问题，不给力啊
20161102112819|574|3255|记得刚把轮毂换了之后感觉胎噪大了，后来又换回去
20161102112819|655|3626|这车起步好慢，可能是离合器行程太长了
20161102112819|676|3677|声音很大，吓我一跳，大家知道怎么回事吗
20161102112819|679|3681|还有前窗玻璃升降的时候，那个声音动静太大了
20161102112819|705|3807|上次洗车就没有今天下午自己洗车的时候发现上半身出现好多小黑点反光镜上面也有擦都擦不掉请问各位有没有遇见类试情况呀
20161102112819|730|3908|没有空调滤芯，底盘没有防撞底盘，密封性很差，门框密封条只有一半，天窗密封条不是全封，内饰质感差，感觉是劣质塑料做成，驾驶席座椅不能上下调节，方向盘只有2向调节
20161102112819|730|3909|粗略试驾了一下，离合距太大，油门太轻，感觉就是容易熄火，要不就得高速运转，半离合，不然真会熄火，还有就是动力不足
20161102112819|739|3923|本人关注S60T6智雅很久了，但是由于改款取消了，改款后总体性价比降低
20161102112819|741|3929|我的是新胜达2.4L2驱至尊版的，8月12日提车了，现在跑了600公里，刚刚发现有一个小毛病，熄火了后四个门不自动开锁，不知道什么原因，去四S店去看看再向大家汇报
20161102112819|766|4047|另：踩刹车时响声不变，低于15码无，高于70码无（应该是风噪大听不见了）高手给指点下，应该是哪里的原因
20161102112819|768|4056|侧弯还是有点厉害
20161102112819|768|4058|4、我纯市区的因素，感觉这车油耗大，那是相当的大，大概13L（每天20公里左右，40个左右的红绿灯，时速在10-40之间较多）偶尔跑跑国道和高速自驾玩玩
20161102112819|774|4095|15、迷你是液压助力，特点是力量重，不可变力度，需要发动机提供动力，对省油起相反作用
20161102112819|774|4102|23、手刹出现6次“哒哒”声为平地正好刹住，陡坡请“哒哒”7声
20161102112819|774|4169|89、铺地胶不但干净，而且隔音很好
20161102112819|781|4268|这才明白是当初没有修好，垃圾4S，垃圾修理工
20161102112819|815|4396|但副厂件的质量较差，其胶圈易坏，容易导致漏油，直接影响发动机的运作，导致磨损，不建议使用
20161102112819|854|4606|起车时皮带响的厉害是怎么回事，走起来就不响了，15000公里
20161102112819|897|4852|IX354驱尊贵版，去年5月提的车，到现在跑了16200多公里，除了变速箱异响外，一直没什么大毛病
20161102112819|897|4853|昨天早上跑了大概20公里熄火后，再启动，只能接通电源，启动时转速表瞬间上到2500左右，直接回到0，发动机启动不开
20161102112819|906|4902|开空调，起步后，轻踩油门，有呜呜的低频声，听不出是发动机还是空调压缩机的声音，不开空调这声音不明显，深踩油门，速度快起来后，感觉就没了，听到的就是发动机的声音了，新车，刚提的，大家认为正常吗
20161102112819|907|4903|昨天刚提的b50，原地打方向盘很紧，很不好打
20161102113819|17|35|我给我媳妇买了这款，今年11月底提的车，到现在4300公里了，基本都是跑高速，速度一般都在100-130左右，但是油耗平均算起来至少是12个以上了，比我的宝马都要高
20161102113819|17|37|当时就是因为销售说这个车比较省油才买的，车的空间太小了，如果油耗这么高的话，我都有点后悔了
20161102113819|30|174|看大家评论都是噪音大，档杆晃动费油，都有点放弃的念头
20161102113819|35|208|电动门窗时好时坏
20161102113819|66|328|买跑跑小半年了，除了各种异响伴随着我的同时，另外最恶心的就是起亚原厂前挡贴膜，一个黑色的Kia的Logo就在我眼前晃呀晃，本觉得时间长就习惯了，现在倒好，习惯是习惯了，变成习惯歪着头开车，郁闷呀
20161102113819|75|348|长城腾翼C30，跑15000多公里时，发现车在踩油门加速时有异响，油门踩的越大，“嘶嘶”声音越大，一松开油门，声音马上就没有了
20161102113819|100|436|垃圾销售凸
20161102113819|104|443|天线太长太难看了我把长天线卸下了从开始细的地方截断然后在粗节上面钻了个眼把最上面的头留一点细杆插到钻的眼里用502粘住成了短天线还好看还不影响收听效果
20161102113819|112|469|车本身嘛就发动机声音比较大，今早有两次出现发动机和机油警示灯而打不着火，其他有待观察
20161102113819|120|483|我的上海通用别克商务车2009年买的，不到3年换了9个刹车软管
20161102113819|124|632|说明起步后加速能力强
20161102113819|131|693|5：喇叭声音小，大灯亮度低6：减震漏油事例也有不少
20161102113819|151|776|Y的，坑爹的4S
20161102113819|165|802|本人身高188智跑感觉高度小很多，叫销售小伙来调了座位?还是觉得有点压抑啊
20161102113819|229|1145|然而，频频曝光的君越变速箱故障问题始终未能解决，让别克多年的销量光环蒙上一层淡淡的阴影
20161102113819|229|1149|按照规定，他的别克君越2008款轿车可享受两年6万公里的质保，但在60052公里左右时，变速箱突发故障
20161102113819|259|1305|因为当发动机热好水温上来以后，车开起来转速还是很高，噪声还是很大，明显能感觉出来是变速箱还没有热好的缘故（像是钢带打滑，动摩擦不是静摩擦的声音），得再开好一会才能让转速趋于正常
20161102113819|259|1323|4、?后排腿部空间真的很大，我做过一次后面，感觉不用侧着就能躺下了
20161102113819|259|1325|5、?后备箱超大好像比同级别的车都大，里面躺两个人不成问题
20161102113819|295|1602|看了长沙车展的GX720，内饰做工都不太给力啊!不在纠结了，明天去长城交定金
20161102113819|328|1731|浅色内饰太容易脏了，才一个月屁股下面就脏了，有没有单独只配坐垫的
20161102113819|344|1858|缺点：起步确实肉，但是对于新手的我很安全，对我来说还好点
20161102113819|389|2032|好像h6还没自动挡，根据测试结果其加速一般，刹车不太好
20161102113819|389|2033|s6前面已经说了，做工不行，增加配置的成本在其他工艺流程中赚回来不少
20161102113819|401|2066|发现车前盖缝隙很大
20161102113819|541|2735|皇冠自动挡133，因为清洗了节气门，怠速升高，修理厂连续更换了两次节气门和怠速控制阀（拆车件），仍然居高不下（1800转），油耗很高，关键是怕把齿轮箱打坏，刹车也不好用，请各位老师指点，谢谢
20161102113819|617|3273|整体来说功能上跟奥迪的遥控要是功能是相同的，看来德国人对这方面的要求是殊途同归啊~但是奔驰钥匙的缺憾就是机械要是实在太单薄消瘦了，用着个机械钥匙会十分硌手，开锁很不方便
20161102113819|617|3281|缺点：1、有点尾重头轻的感觉，虽然奥迪的钥匙也有点这样的问题，但是奔驰这把钥匙需要插进钥匙孔内旋转点火，稍有别扭
20161102113819|631|3363|途安2.0,2008款，用了三年，今年出现1：高速120时胎噪很大，有抖动感；2：最近发现双后轮内侧啃胎，目前行驶里程55000km左右（是不是该换胎了---原装韩泰轮胎）
20161102113819|631|3364|一礼拜前换了两轮并做了四轮定位，检测结果：左后轮偏差较大，未调整（较费事），其他轮还好，今天（2011、12、22）跑了高速达120左右，噪音依旧，不知何因
20161102113819|636|3386|以前看论坛里有的车友说加速时发动机那里象吹口哨似的响，还纳闷，今个终于是听见了，早晨上班时，发动机超过2000转口哨就开始响了，并且越加速声音越大，不知道以前出过次问题的tx解决了没有啊
20161102113819|723|3873|还有个人感觉刹车有点偏软，不过无伤大雅
20161102113819|783|4109|美中不足的是：1、车灯太暗夜间行车不便；2、车身太土了；3、噪音很大
20161102113819|870|4579|12手豪跑了5500，现在发现123档回油明显顿挫，即使离合抬的慢、三个踏板现在明显沉，踩着比较费劲，档位涩，已经热完车、大家看看是啥毛病，还是说属于正常
20161102113819|912|4799|起步比较肉，行驶中加速动力还行，内饰比较粗燥，但是把我一年多的车评估的价格太低了，就放弃了更换的念头
20161102113819|961|5089|方向机渗油的问题，我估计可以称作是一种通病，大家都可以关注一下自己的方向机
20161102113819|976|5152|???什么节气门声音大，什么异响，甚至还有中途熄火，等等等等
20161102114320|18|56|昨天中午气温-1左右，跟往常一样，先上电，等自检过后打火，车抖得厉害，发动机嗒嗒直响，从反光镜里能看到黑烟冒得很厉害
20161102114320|99|351|后尾灯左边和右边缝隙不一样大，左边缝隙明显大了很多
20161102114320|125|450|二，后牌空间的确不够宽敞，后面想座四个人都坐不了
20161102114320|184|663|一个半小时后再打，第1下打火时就踩着油门也不行，也要到打第3次时才打着
20161102114320|271|926|就是起步的时候把档杆推到最左边，向前推进一档的时候进到一半就推不动了，好像有东西在前面拦着
20161102114320|340|1177|朋友两厢车经常因为后备箱空间不足而苦恼
20161102114320|431|1564|手动换挡按钮比较坑爹，估计使用率不会太高
20161102114320|436|1610|好不容易憋了多少年憋出了两个（奔腾，风神）一个是残疾，一个是发育不良
20161102114320|559|2240|缺点：内饰中控部分总感觉有点价廉，当然要稍微逊色一点
20161102114320|646|2821|其他：就是气味太大
20161102114320|674|2956|今天在中控转了下那个空调旋钮，那两个旋钮手感和做工装配让我挺失望的，松松垮垮的
20161102114320|829|3719|唯一的感觉就是发动机的噪音大了点
20161102114320|858|3860|?买车时，这里是没有的，尾部显得线条太多，像老太太的额头，皱纹太多，不好看
20161102114320|939|4321|纠结二：如果选T6舒适，竟然少了10几项配置，真是乞丐的可怜，导航、电动尾门等没有也就罢了，50多万的车连副驾驶座位都是手动调节的，也太寒碜了
20161102114320|946|4350|C30的后轮没有加装内衬板,并且没有配套的,因此噪音很大,有没有车友用其他车型的进行改装的,请告知.
20161102114320|999|4634|后排空间偏小，不是很适合家用，适合单人驾驶为主
20161102114823|15|40|桑达纳满载离地间隙138，gx7要满载应该也就这个数值吧，那通过性也不太好，我开普桑还是觉得底盘不够高，而且gx7还是5座，还是等ex8看看
20161102114823|16|43|操蛋的吉利老忽悠同志们，干脆我代他一口气忽悠完，好断了大伙儿的念想
20161102114823|26|81|四保是要换刹车助力油的，全部弄好之后，5点了，4S差不多下班了，我取车准备回家，出了车间后速度大约有10KM/H,点刹车，竟然没效果，脚上再用力，刹车直接踩到底了，但依然刹车很软，跟没刹车一样
20161102114823|60|367|近来顶棚异响愈发严重，今天拆掉顶棚，解决一处异响，但，天窗导水槽和车外壳，有非常刺耳的摩擦声，也就是最大的异响源，请问，导水槽重新拆开，安装，会有什么后果，会不会导致漏水
20161102114823|63|371|2.0ATGLS,提车一个礼拜了，之前一直开的polo肯能是第二辆车了，就激动了一天，现在已经很平静了，在平静下来说说智跑的心得缺点1，声音还是大，特别是起步加油的时候，2，油耗11个左右，市区，跟我的polo（手动）没法比从来不上7个3，车内用料了，包括保险带，车窗键，车顶等用料还不如polo，4，还有一个问题，也是想请教各位的，D挡踩刹车，车子抖动很明显，挂N挡就没有了，是不是有问题啊，有没有解决方法啊
20161102114823|71|386|1、右后门不好关，每次必须很使劲才能关上
20161102114823|154|697|我的小三25000公里了，抖动异响特别厉害，机脚垫离发动机距离太近，几乎烤干了，强烈要求召回无偿更换机脚垫
20161102114823|157|817|侧面防蹭条~不锈钢的~貌似不怎么好看很单薄的样子上面原来贴了个假出风口
20161102114823|193|970|有没DX知道焦点踏板支架哪有单出的，之前装的支架太垃圾了，缝隙大
20161102114823|216|1059|灯光很不给力吧0.0绿色灯其实很诡异
20161102114823|233|1116|最近跑了一段搓板路，哈，那声音真是大啊，好像整个车哪里都在响，跑高速超过100那也是没法子听，唉，拆开车门看看，里面光秃秃的，小R一点降噪隔音的材料都没有啊，难怪声音大啊
20161102114823|284|1364|跑了30000公里，冷别抖的厉害，行驶过程感觉发动机噪声大，动力显得不够
20161102114823|337|1611|????5?车门开关的声音不太好听，有点像原来的夏利
20161102114823|350|1786|先说说缺点：1.如大家说的，空调有点不凉，开了空调启动和超车都有点木纳...2.NND，外漏的螺丝和备胎...真不爽
20161102114823|350|1787|3.和大家一样，停车后有嗒嗒嗒的声音，听见就别扭
20161102114823|350|1789|4.噪音有点大，主要体现在路噪上面...这个可以改造（底盘装甲+机盖和车门隔音棉+还有轮胎那加的名字忘了）5.就是长城公司配套的东西，不跟车出现，真扫兴...再说说优点吧：1.最大的优点省油，我的感觉不错了，过去我开越野车，实在是费油，100公里得13L，幸好那是公家的东西
20161102114823|395|1967|奔驰ＧＬ，外型还凑合吧，我就去试车了，我试的是排量７．１的，我一起步才发现，这车太肉了，油门快踩到底了，楞没超过傍边的飞度，这怎么能行啊，放弃
20161102114823|395|1987|奔驰ＧＬ，外型还凑合吧，我就去试车了，我试的是排量７．１的，我一起步才发现，这车太肉了，油门快踩到底了，楞没超过傍边的飞度，这怎么能行啊，放弃
20161102114823|401|2039|智跑，外形还凑合，可是后备箱太小，后排座不能完全放倒放平（我想跑长途时让老婆在里面睡觉，我开车），主驾头部空间不够，我坐进去直接头到顶了，不爽
20161102114823|421|2294|当前轮动力输出过大时，汽车会出现自动转向跑偏的情况，这种情况在弯道中最为明显
20161102114823|422|2388|嗯越看车里内饰那几片塑料假木头越不爽?我想知道有没有办法换成真木头的
20161102114823|448|2517|开了一个月后再换回来开致胜后，致胜的缺点全部暴露出来，车太大，变速箱不给力，悬挂太软，动力也不行，于是就想换车，朋友说上R20，排气声音很好听，动力也给力，我也挺喜欢，但是考虑到家用，空间就不行了
20161102114823|455|2577|昨天就被个夏利n5给虐待了，我靠，不是我驾驶技术不行，使劲开就是不往前跑
20161102114823|464|2615|Ｃ３０买了一年多了一些小毛病都比较无所谓，毕竟车价就这样而且是国货，关键一点就是很郁闷，座椅太高了实在不舒服，我也才１７０的个头，头都顶到顶部了视线不好
20161102114823|493|2754|2、内饰较差
20161102114823|493|2755|座椅较单薄，还有中控、手扶箱质量网友们也多有诟病
20161102114823|515|2844|我是2010年5月提的车，我是个准车主哦，不是托也不黑，现在1万公路，冷车刹车唧唧叫睡觉的人都惊醒了，发动机声音很大，特别抖动啊，去了售后服务几次没处理，说的通病正常，没办法了，各位大师你们的都一样吗指教一下谢谢哦，
20161102114823|538|3016|小狮子初体验の大明山滑雪体验结论：1.小狮子油耗确实是高，总共跑了800公里，其中600多是高速，平均时速31，平均油耗9.7.2.隔音比307好多了，但在高速上还是有点噪音
20161102114823|558|3130|其故障原因有：轮胎动平衡失准；前后悬架、转向、传动等机构松动；前轮定位、轴距失准；半轴间隙过大
20161102114823|558|3149|4、发动机运转不平稳，常伴有“突、突”声，加速时发动机动力不足，不时发出“彭、彭”的放炮声，排气管冒黑烟
20161102114823|558|3176|造成上述情况的原因只能有两个，一个是变速器轴间定位有问题，造成轴不平行；另一个就是其轴间间隙过大
20161102114823|561|3197|唯一的缺点就是车门和前中控的大面积硬塑料确实有点掉档次
20161102114823|561|3200|????后来又到海马骑士看了看味道太大，做工也不咋地，那个皮质座椅包的太丑
20161102114823|598|3314|车身尺寸感觉不是很大，就比瑞虎大一点
20161102114823|613|3373|在工艺方面，ix35大量使用双面胶，线束也显得很凌乱，绝缘保护不如逍客;两车金属车身和内饰板的工艺基本处于同一水准，但逍客A柱的织物包裹更显精致，ix35的钣金水准实在太糟糕
20161102114823|613|3378|在舒适度方面，逍客的后排座椅尺寸过小，头部空间不足，但静音处理胜过ix35
20161102114823|620|3428|扶手箱的确松松垮垮，手套箱也有点松，内饰基本都是硬塑料
20161102114823|622|3439|一、车内异响不可否认，B50的内饰算是比较粗糙的，塑料级别的，在热胀冷缩后就很容易出现缝隙，有了相对运动，难免会出现异响
20161102114823|630|3529|问题也不少，中控异响时有时无，离合器比宝来车的踏起来重，有点费劲，总行程10230公里
20161102114823|652|3605|但现在，行驶到四万公里的时候，出现汽车无力，油耗增加，起步过于肉，等问题，经检查一出现最不想出现的三元催化堵塞的问题，并且，没有什么好的解决办法，要不清洗，要不更换，而且，更换后不能保证行车的里程，并且这么大的原件，不在索赔之列，我不是一个闲人，所以没有太多精力放在这里
20161102114823|654|3628|去到4S，发现全是米色内饰，本人偏向于比较运动，所以觉得米色差强人意，而且米色太容易脏了，就算经常洗内饰，还是有些洗不掉，而且开2年后特别显旧
20161102114823|654|3644|???然后谈谈缺点，先是刹车，觉得比起宝马，的确有差距，只能算一般（这是个人感觉），跑快了遇到个突发状况，感觉站不住，宝马的刹车这里要赞一个，的确好啊，730和X5我都开的比较多，动力不说，刹车的确没话说，至尽开了不少比较高档的车，没车能和宝马的刹车比，不光是我，身边的朋友亲戚，都这么觉得
20161102114823|654|3645|个人觉得VV的内饰的确比较简单，虽然做工精细，但是的确谈不上豪华，和同级别的车比起，没任何豪华感，特别是沃尔沃引以为傲的悬浮式中控，说实话，真不觉得好看
20161102114823|657|3661|09奥德赛的远光的不给力啊，远光想改疝气灯，要加透镜太麻烦了，不知可不可以不加透镜，这样有效果吗
20161102114823|661|3666|2012手舒版，我怎么感觉我的刹车太软，和面包车一样，轻轻的踩一下没多大反映
20161102114823|706|3853|2，雨刮器异响，其实这个真没啥大不了的，不过C30设计有点白痴，干嘛和14寸的雨刮搭配呢，越短摩擦越小，自然容易有意向了
20161102114823|706|3910|不得不说长城的塑料质量很次
20161102114823|739|4020|C30的噪音比较大，那位同学做了隔音
20161102114823|744|4041|车门的隔音不好，厂家太节约成本了.我简单的做了一下隔音：?
20161102114823|787|4227|主要是车内用的材料不环保，毒气挥发厉害
20161102114823|855|4641|C30的后备箱盖很单薄，比我家的日产颐达有的一比；从试驾车C30旁边过，发动机声音挺大，在车后三米外都听的见
20161102114823|896|4796|这车几乎**了所有的恶俗点，本来真想把它排第一的
20161102114823|915|4930|2012款手舒，冬天打火的时候感觉噪音有点大，坐在车里面有点抖动，新车，才1000多公里
20161102114823|936|5051|4、发动机噪声大，车辆原地踩加速踏板时，有“隆、隆”异响，发动机舱内有振动感
20161102114823|981|5261|??小爱共振声太大了哦，怠速有共振，到2200转时共振声达到顶峰，转速升高共振在减弱，童鞋些你们的车车也这样吗复制搜索
20161102114823|988|5305|??后排空间：坐2个人肯定没问题，那天坐了三个，难为他们了，呵呵座椅虽然是真皮的，但是不够骐达的软，有点硬，不敢相信是真皮的
20161102114823|988|5306|??内饰也稍微简陋点的了，不够精致，不过算了，开几年玩玩
20161102115345|5|11|我的是2002年的菱智，4G64发动机，2.4自动挡，感觉发动机动力不足，2000转时速80公里，2500转时速95公里，3000转时速110公里，3500转120公里（GPS实测），是不是正常，谢谢最近跑了趟高速，下了高速发动机居然熄火了，重新打着车，怠速十分不稳定，加速无力
20161102115345|11|26|我是一个对车比较感兴趣的正常男，平时没事也喜欢捣鼓，就好像LD有一天跟我说，这车起步太肉了，连旁边普桑都加速比她快
20161102115345|28|105|2.0P居然才三个气囊，?坑爹啊
20161102115345|71|249|?车启动后，(热车也是这样)机器噪声大，踩住离合器，声音就小了，我试着车在很低的速度行走时也是这样，，?空挡时踩住离合声音就小
20161102115345|90|593|其实我对汽车不大在行，或者说很不在行，我自己开的是美系车（轰油门的声音虽然很悦耳，但烧油烧得让人心疼），对日本车的印象还是停留在官方和民间的那些议论：车轻皮薄、上高速发飘、发动机没劲、操纵性差，最令人诟病的是安全性极差，好像动辄撞车死全家的都是日本车
20161102115345|113|737|个人感觉全球鹰GX7的大灯不好看
20161102115345|117|750|网上只要对比，全部都说花冠好花冠我看真的不怎么样，但花冠车主都得意洋洋说花冠有多好，阳光有多薄（重量相差不多吧）搞的都后悔没买花冠了，花冠后排横向可能好那么一点点，但中间凸起啊，纵向就没办法比了
20161102115345|117|751|现在看到阳光有1提速慢2低温保护不上挡3生锈4爆震5其他异响什么的都是大问题啊
20161102115345|175|1099|2、后备箱整体视觉空间变小，后备箱容积和实用性打了折扣
20161102115345|202|1234|MT的一般都是机油黏度过大
20161102115345|250|1390|2、内饰很一般，最不满意的地方是仪表盘太小感觉和这么大的车有点不匹配，还有就是顶棚的隔音太松垮了，感觉就没有和顶棚很好的贴合在一起；特意看了一下扶手箱也还凑合没有传说的中那么惨；中控的颜色搭配的有些老气，没有时尚感和科技感；中控的材质也一般，没有亮点；空间比较大尤其是后排，但后备箱没有想象中的大，不过也还好吧
20161102115345|250|1393|4、4s报价低配的9.39W，涨了1K.对车的整体印象一般，主要是内饰太差
20161102115345|255|1426|11款2.0P,刚跑8600,二保后上高速，明显感觉105--115码之间发动机声音有点嘶声力竭，之前没有过，油门响应迟钝，转速2000，上到120码后，发动机声音明显降低且和顺，加速灵敏，不知啥道理，难道车子和运动员一样在比赛中也有个疲劳点，过了就好
20161102115345|265|1476|?????但是座椅问题很是有点困扰我，调到最低位置了感觉还是有点高，短途还好，开车时间稍微长点右腿就感觉被座椅前部分弄的酸麻，太高的原因，时不时要抬起腿来活动一下才行，提车以后就弄了个坐垫，后来坐垫也撤了，还是不舒服，冬天的毛垫子更加不用说，垫不了，太高了
20161102115345|326|1875|不爽啊回来在市区开感觉声音变大了
20161102115345|328|1890|今年春节，从广西回广东，车上三个大人，一个小孩，后尾箱装200斤的物品，经过清连高速连南县水足塘路段（入口到出口约25km）时，在入口加速带（斜坡）出现车身抖动严重，异响，感觉轮胎抱死，随之死火
20161102115345|366|2069|前两天发现踩刹车前轮位置发出异响，就是好象什么东西挤压发出的“嘎吱”声，并且是踩一下响一声
20161102115345|370|2088|ix35大量使用双面胶，线束也显得很凌乱，绝缘保护不如逍客;两车金属车身和内饰板的工艺基本处于同一水准，但逍客A柱的织物包裹更显精致，ix35的钣金水准实在太糟糕
20161102115345|391|2138|车子刚首保完，感觉胎噪太大，怎么处理效果好啊
20161102115345|405|2280|只是170以上风噪还是比较大，没有想象的那么好
20161102115345|458|2483|2、?可能是新车的事，档略显不好挂
20161102115345|458|2484|3、?座椅的调节方式略显不方便，第二排的座椅已经被减配，前后调节功能已经没有了
20161102115345|468|2523|内饰给人的感觉不是很高档，塑料感很重
20161102115345|468|2524|坐上驾驶位怎么有点给人一种压抑感，顶部空间不足，头部稍微有点靠前了
20161102115345|468|2526|在保持60迈的时候特别关掉空调及音乐关注下噪音，个人感觉噪音还是有点偏大，也许最大的噪音是来自那万恶的韩泰轮胎
20161102115345|468|2527|还特别感受了一下ECO模式，得到的结论不见得省油多少，而且动力明显的下降了，一脚踩下油门居然没啥反应，制动偏软，跟11款评测的制动将近45米的数据应该相差不大，再有就是悬挂太硬了，开不平的路时在车上有点小难受
20161102115345|498|2687|今天去试驾了gx7，是我爸爸开的车，在一条直路上车速40码，左右打了下方向，感觉车身左右摆动很厉害
20161102115345|763|3900|?上车感受了下，塑料感很强，关车门的声音噗噗的，非常不爽
20161102115345|854|4324|??其实市面上这个价位的车也就那么几款，大众途观外形实在不协调，东本CRV内饰只有米色，日产逍客内部空间太小、奇骏外形不喜欢，丰田RAV4变速箱是4AT，三菱劲炫个子低点，现代IX35的外形不习惯
20161102115345|888|4553|打着了车子，听声音不算太大，但是抖的历害
20161102115345|888|4558|车子的操控性还是比较差的，在车流量较大的路段变道超车还是有些困难的
20161102115345|888|4567|?总结一下，1、噪音太大
20161102115345|888|4571|????????????2、操控性较差
20161102115830|90|661|是的，让大家头疼的异响
20161102115830|237|1391|这车最大的问题就是路噪、胎噪真的很大（我感觉是很不舒服的那种，像飞机飞行时那种感觉），再就是悬挂避震系统很一般
20161102115830|257|1493|Xl方向好重?开车好累
20161102115830|273|1695|4、隔音效果不好
20161102115830|273|1698|5、板金的确不好
20161102115830|301|1843|关于档位，我觉得倒档不是很好挂，五档基本没挂过，时速没有高过60
20161102115830|334|2090|说说缺点，空调风扇的噪音大
20161102115830|334|2091|手动挡档位感觉不扎实，很飘像面包车，比不上福克斯的手动挡挂档有厚重感
20161102115830|336|2099|内饰确实差点，不过这个价位，不可能尽善尽美的
20161102115830|446|2641|后排座椅坐垫有点平支撑点不是太好
20161102115830|448|2653|Q5有点像二奶车，大老爷们儿进去感觉有点奇怪，特别是后排更是憋屈
20161102115830|497|2862|小弟听说噪音大的离谱
20161102115830|499|2891|就是视野不太好
20161102115830|556|3168|中控台造型略显简约，大量塑料材质的使用，以及相对粗糙的做工，为整体降低了质感
20161102115830|562|3190|???先说说车的情况，目前跑了18000公里，以宽容的心对待它，我看这车也还行，目前只感觉风噪、胎噪大点、减震差点，其他我看都还好
20161102115830|617|3473|风扇启动了驾驶室内噪音瞌不是一般的大
20161102115830|661|3750|明显感觉向左转弯的时候，方向盘间隙很稍稍有点大、回盘慢、力度小
20161102115830|867|4835|这么厉害的油耗
20161102115830|919|5069|好丑的suv,说是面包车可以理解
20161102115830|973|5367|GX7?在天一广场展出，去看了看，外表不大气，内饰一般，特另是前面的拓界太粗糙
20161102115830|980|5390|）内饰塑料感太强，气味很重
20161102115830|1|3|4S太贵啦
20161102115830|28|258|用车一年也出现过异响，转向异响，加油门到1000转异响，当时真的很烦
20161102115830|28|267|最受不了的是早上冷车启动异响
20161102115830|31|279|今天早上用遥控器打开门进去关门发动车还没起步就自动上锁了，这几天时好时坏
20161102115830|48|360|这在小空间位置的出入库上是个问题
20161102115830|48|364|第二，车内中央后视镜位置不妥
20161102115830|48|366|加上单厢车的大倾角玻璃，使得中央后视镜的位置显得特别低、特别后，离驾驶员特别近
20161102115830|48|369|此言不虚，但无论如何调整，始终都很碍眼
20161102115830|48|371|第三，电动车窗按钮位置不对
20161102115830|48|376|第四，电动车窗没有防夹功能
20161102115830|48|379|第五，雨刷操作杆外形设置不合理
20161102115830|48|386|第六，扶手箱设计不合理
20161102115830|48|393|第七，定速巡航无显示
20161102115830|48|397|第八，音响设计有问题
20161102115830|48|399|第一小点，AUX插口设置不合理
20161102115830|48|407|第二小点，是没有音量大小的显示
20161102115830|48|412|第九，对汽油太挑剔
20161102115830|56|438|拧钥匙听着发动机孱弱的转动声，心疼啊
20161102120320|105|474|德系的SUV奔驰宝马买不起，奥迪Q5和途观空间小，外形平庸缺乏现代时尚感
20161102120320|124|553|2.oMT起步略有抖动，大家有么有一样的情况
20161102120320|132|575|这23天回龙岩过5.1，天气差不多28-30度的阵雨天气，空调还是跟之前一样，不给力，坐后排的人都热死了
20161102120320|132|583|308明显跟别车比起来空调不给力
20161102120320|224|1313|开关不大好，好像是接触不灵敏，SSSS说换开关要钱的
20161102120320|226|1322|苏州优惠一直很不给力，只有1万2
20161102120320|306|1737|唯一感觉很不好的就是轮毂真的太憔悴了，别管怎么小心，还是经常会被飞起的小石子划伤，还好不是很明显
20161102120320|363|1950|唯一就是提速慢，刹车比帕稍差点，空间小，隔音比帕稍差（一分钱一分货）
20161102120320|382|2237|车子开了2年，还是感觉F3有点小，排量小，动力欠缺
20161102120320|428|2516|去年年底买的车2012舒适型，现在整体感觉良好，就是有异响，主要是来自前面的操作台，用手去推就能感觉吱吱响，朋友的车用手推就不响，走跌波的路就会吱吱响，找4S的师傅说是前挡风玻璃的胶郁闷，想处理的话很费劲，不知道是不是这个原因导致响，反正用手推操作台就响，好像是前面的玻璃出风口处的海绵那里来的声音在有就是过砍的时候车速慢的情况下，后面有扯铁皮的声音，也不知道是那里来的
20161102120320|435|2584|空调确实如买之前所知道的一些空调不给力等等问题
20161102120320|435|2603|刚开始问的第一家服务态度就很牛逼
20161102120320|469|2771|逍客内饰一般，总感觉像个两厢车，个人觉得不好看
20161102120320|469|2776|缺点：1、不知道别的车怎么样，小智的A柱我感觉很挡视线，转向我的撑着脖子好好看一看；2、内饰虽然设计还可以，但塑料感比较强；3、缝隙偏大，细节处理一般，下车窗的饰条竟然没包边；4、胎噪偏大
20161102120320|505|3361|双区自动空调（我一直搞不明白自动空调，一开就风力很大，一点都不舒服，以前雷诺是，标致也是，别的国家的车也这样
20161102120320|519|3608|上了140150以上时的噪音会明显变大很多
20161102120320|519|3614|整体感觉还没有比皇冠更好
20161102120320|519|3631|并且内饰用料和质量严重下降
20161102120320|567|3834|关着窗户擦汗，风不够凉，风力也不大
20161102120320|694|4325|郁闷中，我的车120KM/S噪音超大
20161102120320|746|4536|6、前挡玻璃内倾角度稍大，驾驶时稍压抑
20161102120320|758|4580|车头太长了，还是没估好量
20161102120320|834|5333|缺点：1、个人觉得轮毂不好看；????2、音响效果一般，比酷搏的波士顿音响差远了，不过后来经过调试，发现效果还好一些了，据说如果不要导航的原版效果更好；????3、天窗不能开启；????4、貌似驾驶员座椅后面没有杂志袋；
20161102120845|0|0|我从公司开回家，开了不到30KM的路程，回来进小区地下车库停好车后，刚锁好车门准备走，突然听到我家小灰车底传来啪哒啪哒的声音
20161102120845|12|63|副驾的座椅怎么比驾驶座的高呀，大家有同样感觉吗
20161102120845|18|88|左打方向有异响，师傅找了好半天，判断这个总成中部分异响，索赔，等了两个星期，到货了
20161102120845|18|94|这个总成非常沉，好像是20kg两个人托着才装上的
20161102120845|30|127|最近看上这车，现主要纠结两点：一是大家反映1,6的噪音大，二是好像没有防撞钢梁；不知道2,0的噪音大不大啊
20161102120845|139|735|天啊，我的车车啊，才八个月啊，就裂了，从底脚一直裂到快到顶了，奶奶的，找4S店，他们说玻璃不在保，这它妈的是质量问题啊，也不是我人为损坏的，这啥质量啊，我停在单位院里都没开，下班时才发现这么一条大缝，真倒霉啊，玻璃倒不贵，4S说原厂的才三百八，加上工时也就四百多，可我的膜贴了才两个多月啊，更可气的是，我才开了八个月不到五千公里，和新车也没啥区别，这玻璃就自动裂了，想着就恼心，看着就烦心，亏我还一直向周围的人推荐长城，这下人家都看我笑话了，说你不是说长城车质量好吗，你这才几个月的车就这样了，唉，脸丢大发了啊
20161102120845|148|755|使用中暂发现以下问题，不知各位车友可曾遇到：1、方向盘只能前后调节，不能上下调节，使用起来有点不方便
20161102120845|148|756|2、驾驶座仪表板下方空间较局促，时间久了磨的膝盖疼，LP现在非常不想开，一直埋怨没买M2
20161102120845|148|757|3、高速行驶时时速超过100KM/时，胎噪确实大啊
20161102120845|148|761|5、前段时间出现过一次打火打不着，连打几次都不行
20161102120845|148|765|7、4S服务态度真的不行，希望长城以后好好整顿下售后
20161102120845|153|786|加速时明显感觉发动机发闷不像以前那么透溜油门特别重方向盘特别沉给油好像比原来慢降速厉害滑行时比原来短很多一降到60感觉后面有东西拽一下降到30迈以下的时候感觉又正常了?停车等灯时感觉车抖动这都是什么毛病呢我的车是2.0两驱首保过后就这样了?三保刚完事还是这样到4S店去检查说一切正常怎么回事呢都无语了
20161102120845|154|787|我的小三，最近一段时间在晚上开灯光的时候，水温很容易上5格，就算是只跑2公里也是这样，如果开空调水温很快上7格，但是关掉大灯后，水温迅速变为4格或者是5格，如果是5格，风扇启动，水温很快变为4格，什么原因
20161102120845|174|879|??今天洗车发现天线的塑料座子裂了好几道缝，不知道是被太阳晒得还是洗车冲的，于是打电话给4S，叫立马过去
20161102120845|202|1088|启动车时听到启动机很强劲的声音及车的震动，但是打不着火
20161102120845|212|1134|除了做工内饰不如马三外
20161102120845|228|1301|踩在上面怎么都不舒服，特别是加油的时候总觉得行程很短，腿不好使力，你们是怎么解决这个问题的
20161102120845|311|1701|这两天看到的很多车都有驾驶位的右脚、小腿位有热风吹出的情况，我的也是，你说冬天也行啊，但夏天怎么办啊，那天只开了一个小时就热得不行，感到方向盘下方也有热感，有时还能感觉到有股糊味，求原因及解决途径，非常感谢
20161102120845|313|1703|雨刮器挂起来没力啊~特别是高速上~另外问下大家你们的雨刮器喷嘴喷出来的水是柱状的还是散开的雾状的
20161102120845|314|1705|每当低速往左打轮时，右前轮就磨刹车片的响
20161102120845|333|1791|最近研究了小三的座椅问题，发现不舒服并不全是因为座椅，门板扶手才是罪魁祸首，小三车体窄设计师为了加大横向空间，门板扶手设计的靠外，开车时胳膊肘放不到扶手上，导致时间长后会很累所以动手加宽扶手，作业时没拍照直接上成品图
20161102120845|342|1919|?各位大哥，我的纳纳熄火的时候，发动机仓嗒嗒响，去4S问了一下，人家说是电子节气门都是这，熄火的时候都响
20161102120845|461|2596|各位：瑞纳的轮胎噪音感觉很大，是不是磨合一段时间就好了
20161102120845|464|2608|和大家比起来，真有点贵啊
20161102120845|474|2705|最近每次下大雨，关窗开车没一会功夫，前挡就起雾了，模糊的看不清啊，不知道怎么开除雾功能，每次要打开空调，然后风力很大才可以，大风力声音很大，但是关了又不行了，到底是不是这样除雾的，看图片
20161102120845|476|2709|其他的都挺好的，就是今天回家时开在路上的时候不经意的把手放开时，发现方向盘向右跑偏挺厉害的，我还以为轮胎漏气了，还特地下车查看了一圈
20161102120845|504|2825|本人想换掉原厂的天线，因为蛮碍事的??车衣不好罩，洗车不好洗；未下各位同学原厂要怎么样拆下来啊，拆完后有孔没有
20161102120845|555|3052|见笑咯?1、2档的发动机噪音还是比较明显的，3、4、5档就好很多了
20161102120845|618|3329|为什么C30挂一挡特别不好挂，而且提速挂挡的时候挂一挡和挂二挡总是不顺畅，每次挂挡的时候挂到一半就卡住了，好像有东西中中间挡着似的，然后在挂会空挡重新在挂挡，我真是无语了，买车3个月总是因为挂不上挡变速箱打齿
20161102120845|669|3527|前几天刚刚提的小三，开始的两天刹车的时候没有响声，开了两天后每次刹车的时候都有像吹口哨一样的响声，而且声音好像大了，什么原因啊
20161102120845|670|3528|???2009年9月底购置一辆双燃料爱丽舍(本地区天然气加气站充足，为了节省费用），在使用2年后，车辆油转气候开始抖动，去4S店检查发现，4个喷气嘴中2个已经损坏无法使用，剩下的2个也将要报废，一个配气嘴1280元
20161102120845|722|3860|缺点：①小五的刹车系统不行，据观察主要刹车盘太小大家可以仔细比对一下后轮比前轮的还小②转向系统过于柔软
20161102120845|772|4163|雨刷使用时运行到玻璃最上面有响声出现，比较大，是啥原因
20161102120845|845|4500|不过最近频频有质量问题：1、2档位不清；向右跑偏；把手质量；总里程可以清零
20161102120845|846|4505|2.柴油质量不稳定,质量差的柴油一下就把喷油嘴堵死,一个喷油嘴要1000多啊,4个喷油嘴是多少了
20161102120845|855|4534|感觉还不错，后排空间小了点，女士开还行
20161102120845|886|4724|前天发现挂档不好挂空挡，踩在离合上抖动的厉害，六点多到4S说下班了可能是离合的问题我怕引起更大的故障在家门口的修车店把离合拆了，真费事啊，拆的我心疼，换了个新的离合，发现原来的磨得挺好的，以前我老不自信驾车技术
20161102120845|917|4930|缺点：1、白色与红色不属于金属漆，太薄太薄了，在大车多的路上车漆很容易受小伤2、很塑料化，所料不怎么结实3、减震太硬了，我感觉比拖拉机强一点点，真的，尤其是过减速带或是硬坑的时候，那么的明显，在全公路上开还行，要是走乡村路，太没有舒适感了
20161102120845|939|4994|用了这几天，我觉得此车最大的一个毛病就是，二档三档低速松油的时候挫车感比较明显，需要加油门或者半离合来解决，或者干脆进空档
20161102120845|987|5171|60迈车4、5档，发动机异响，踩油门时“哒哒”连续有节奏的声音，像金属撞击声音，声音不大，但是能够听出来，松开油门声音消失
20161102120845|987|5176|刷ECU后感觉怠速发动机声音变大（因为以前发动机启动后，还有时候再拧钥匙打火，说明以前怠速很静音）也不知道是不是心理的缘故
20161102120845|987|5178|左车门又异响，颠簸的路面好像车门玻璃或者车门震动的响，确定是车门响，怎么办啊
20161102120845|999|5253|车门很溥，关门声音不如帝豪718好听
