doc115-1|null|null|售后就更别提了，一买奔驰深似海啊！
doc115-3|null|null|转投宝马相当明智深似海啊～奔驰中国官僚化，整得自己还真个国企了。
doc394-1|null|null|而今瓦格纳加蔡澈几乎毁了奔驰百年基业
doc394-2|null|null|老款现在优惠40以上，奔驰的车越买越寒心。
doc402-1|null|null|悔青了肠子用日本车，哎！
doc589-1|null|null|希望4s加强售后服务，让我舒服点儿！
doc589-2|null|null|我最后拿到的并非低价，我承认我只为了颜色就买了，但随后我就开始非常讨厌奔驰价格战这件事儿！
doc1088-1|null|null|a6不适合女孩子啊！
doc1190-1|null|null|在沃尔沃全线撤退240马力四缸涡轮引擎这件事上，显示出了福特是真的够缺德――福特抢了沃尔沃的安全系统，但是沃尔沃想买福特的发动机都不给了。
doc1209-1|null|null|又一次抛锚，电瓶才用两年就彻底坏了，汽车价格打折，质量也跟着大打折扣
doc1979-1|null|null|目前消息看来售价各种坑爹反正我驾照还遥遥无期脑残的福特弱智的ecu位置还有薄的不能再薄的后排座椅唉坐等降价哇不行就上途观好了再说明年suv行情啧啧……
doc2151-1|null|null|总觉得奔驰在中国水土不服。。。
doc2151-2|null|null|但是奥迪的品牌跟奔驰比还是要差蛮多的。
doc2691-1|null|null|但一款80年代的车，居然占据中国汽车市场这么长时间，特别是进入00年后还赖着不走，严重影响了自主品牌的发展！
doc2800-1|null|null|大众还能再不要脸一点，上个世纪的车早该进博物馆了，还在这煽情。。。
doc2960-1|null|null|常州黑社会配置不行，出来执行任务的开个卡罗拉，估计帮会最近单子不多回款也差；
doc3095-2|null|null|开三轮丰田，奔极乐黄泉！
doc3095-4|null|null|凯美瑞，凯美瑞，投胎要排队！
doc3095-5|null|null|车到山前必有路，可惜丰田刹不住！
doc3095-8|null|null|买了丰田凯美瑞、太平间里安心睡！
doc3197-1|null|null|偶然发现，大众的车真疼，价格以疼痛力度来计算：会疼（辉腾）――慢疼（迈腾）――速疼（速腾），不厚道的大众！
doc3897-1|null|null|[胖哥试车]试驾丰田普锐斯从北京到大连840km一箱油跑完确实厉害，但刚算了一笔账，就拿这车最低配版本22w的来说，比起市面上同级1.8l比较好的车足贵了8万，这8万拿去加93号汽油，可以加10300升，按100km/10l耗油量来计算，足足可以行使10w公里
doc4045-1|null|null|丰田5a-fe发动机，卧槽尼玛啊！！
doc4172-1|null|null|奇瑞a3，长安悦翔，天津一汽威志存在极大风险，自主品牌让人担忧。
doc4450-1|null|null|某人车车保养了下7000多，让我心痛不已''7000可以买好多东西''奔驰真他妈的坑爹''同学的奥迪宝马都不用那么贵
doc5008-1|null|null|延展性和遮瑕略逊色于迪奥。
doc5209-1|null|null|对大众开始失望了。
doc5272-1|null|null|估计变速箱也有可能，动力总成一直是自主品牌的硬伤从袁总的长处短处论，极有可能是合作开发发动机，奇瑞在02年左右就和奥地利的avl合作开发发动机，可谓奇瑞的长处，而广汽目前可能短板就在发动机上，拭目以待！
doc5839-2|null|null|中国大众车主被强奸后还要被骗！
doc5959-1|null|null|大众的车设计猛一看还真看不出来有什么区别，什么新帕萨特，新迈腾，新朗逸，新宝来前脸看起来几乎都是一个样，设计趋同化很严重。
doc6127-1|null|null|大众系果然烧机油啊，帕萨特、迈腾、奥迪无一幸免
doc6129-1|null|null|我想买它的平板电脑我觉得而已，我打死不升级这界面好恶心
doc6813-1|null|null|操，让广汽去生产，彻底毁jeep这个牌子啊，看看丰田和本田，没有防撞梁，焊接的车门，这样的jeep，你可以想象吗？
doc6852-2|null|null|荣威，中国人的高端车，早知今日何必当初，其实从发展状况上看还不如奇瑞比亚迪，何必把自己当成奔驰奥迪。
doc6875-1|null|null|每次当看到奇瑞有新车要上市的时候就感觉有点想吐！
doc6875-2|null|null|真心不是不喜欢奇瑞而是这几年来奇瑞的设计不断的挑战了我的审美底线~
doc6952-1|null|null|从技术层面上来说，大多数日本车其实相当普通。
doc7026-3|null|null|嗯，我举报大众、丰田、本田等国外汽车公司存在与本案中耐克一样的高价简配的双重标准行为
doc7041-1|null|null|机械增压的a63.0t去年被评为全美质量最差车，和捷豹xf并列全美质量最烂，途锐总算不垫底了机械增压的应该比一般的少烧点机油吧
doc7066-1|null|null|这价值百万的奥迪a83.0t居然会故障在红绿灯路口，还是崭新没挂牌的.........
doc7079-1|null|null|大众的车子真她妈大众脸。
doc7278-1|null|null|今年7月国产b级车市场销量排名，前三分别是帕萨特、迈腾、凯美瑞、而索纳塔8代销量排名第五，且与前三销量成绩相差甚远。
doc7418-1|null|null|我觉得喃，法拉利开久了没保养，可能是和图片有点差别，但是你奇瑞qq感觉再良好，也就是个和图片一样的奇瑞qq。
doc7757-1|null|null|我也想考虑迈腾的速腾高尔夫简配还不降价，高尔夫以前还要加价提车，其他厂家加油啊，不要让大众这么嚣张看来也有我出的那份工资啊不要买一汽大众的车，我本来还考虑高尔夫呢，直接pass，利润太高了
doc7796-1|null|null|雪佛兰科鲁兹---耗油，本田思域丰田卡罗拉日产轩逸---日系，不考虑，标志408---讨厌车标，车型也难看，雪铁龙世嘉----外形不好，大众朗逸----内饰差，加价提车，售后超差
doc7835-1|null|null|感觉刹车功能不太好，好危险啊！
doc8019-1|null|null|好脑残的车啊！！
doc8023-2|null|null|豪华一点就是宾利，低调一点就是奥迪a8，低调一点就是这辉腾了，大众无好车。
doc8496-1|null|null|2012款本田cr-v太难看了，那尾部设计真够败笔的。
doc8509-3|null|null|昨天老婆说有人跟她说迈腾比致胜好，致胜小毛病不断之类，我的个人观点是，大众喜欢搞提价减配，我不喜欢，不厚道，变速箱都开始延保了，大毛病，还不如小毛病呢；
doc8661-1|null|null|通用的汉兰达肯定不行，爬坡爬不动。
doc8759-1|null|null|恩，赞同，关键是投资了奥迪a4后期还有无限的未知，性价比太低。
doc8818-1|null|null|宜昌天时销售雪佛兰销售顾问犯的低级错误让人无语。
doc8883-1|null|null|看着比亚迪这个牌子就心毛，我的f3两年而已，油耗都超过10了，北海4s店保养连轮胎气压都不检查，检查油耗查了几次一点结果都没有，先把售后做好再去好高骛远提什么突围吧。
doc8953-1|null|null|国外奥迪也烧机油啊，一辆tt威猛的超过我们，然后看到老外急忙冲进超市搞了瓶咕咚咕咚一顿猛灌
doc8977-1|null|null|宝马销售商怎么请的这些素质低下的销售员？？
doc9168-1|null|null|bmw，我对你无语了！
doc9201-2|null|null|噪音大，齿轮箱差，经常窜车和换挡时的大动静，而且刹车时抖动等。
doc9229-1|null|null|每个豪华汽车品牌都会推出相应的自行车，这些豪华品牌汽车推出的自行车主要以山地车为主，并且价格都不菲。
doc9245-1|null|null|奥迪4s店的态度都这样傲慢？
doc9317-1|null|null|本田，日产，马自达不行后，现在本田也不行了
doc9372-1|null|null|设计拯救韩国汽车：韩国车以前给我的印象是外形平平，内饰土气，机械粗糙。
doc9372-2|null|null|为了衬托韩国同行，小日本也很配合：本田在运动路上越走越远，日产坚持“窄胖高”路线，丰田根本就没有设计。
doc9464-2|null|null|在看新款本田crv，感觉内饰好多塑料件，不是很舒服的样子？
doc9547-2|null|null|做不好的日企不要啥都怪政治啊政治的牺牲品，杯具～日系车真是杯具寮~
doc9600-1|null|null|不过日本车的安全性确实有待考虑，从来没有考虑过日本的车...
doc9636-1|null|null|宝马与奥迪的4s店服务相差太远了，杭卅骏宝行真是要好好反思一下，员工素养不是一个级别。
doc9682-1|null|null|我还真不信丰田这么硬气。
doc9720-2|null|null|由于2012年上半年1600万元净利润令人失望，比亚迪（byd）实际状况比预想的更差。
doc9787-2|null|null|美国特色，大排量加马力低............
doc9797-1|null|null|一位同行和我分享，说看完这部车有点失望，尤其是内饰，没有照片上那么有质感，还是有较强的塑料感。
doc9865-1|null|null|马自达全球连亏五年，不能不说是车企里的奇葩，福特曾是马自达的第一大股东！
doc9867-1|null|null|奔驰慢慢跟不上宝马和奥迪的节奏了3.5v6的技术out了
doc9915-1|null|null|这个嘴下面有点像福特的车～太凶了我还是喜欢咱的大嘴你瞧这样看来咱们的大嘴就显得太无辜了对不对~新款用这个造型太有侵略性了萌态全无啊~~
doc9916-1|null|null|5.26比亚迪出租车爆炸危机虽然化解，但真正的安全隐患没排除，按目前技术，一个电动车如果要有一定续航能力，车载电池的重要将严重影响车辆的控制，电池太重，车辆转弯将可能侧翻。
doc9928-1|null|null|这是供求关系造成的奥迪4s店的态度都这样傲慢？
doc9990-1|null|null|国产车就是给力，高速，一长安奔奔，追尾丰田凯美瑞，整个后备箱被彻底干翻，这是什么级别的对抗，这是什么力量，看谁还买小日本！
doc9992-1|null|null|好的品也要配合好的服好的服才得更多的客奥迪4s店的态度都这样傲慢？
doc10033-1|null|null|果断的宝马x1，奥迪a1现有款都是两门的，上下车及其不方便，空间也太小，腿伸不开。
doc10143-1|null|null|起亚车动力真无法与日本人的尼桑车相比，提速还是有着很大的延迟。
doc10226-1|null|null|audi的服务意识真tmd的差劲。
doc10226-2|null|null|0609是高级黑啊搞笑奥迪的销售和客服，就这水平和智商。
doc10247-1|null|null|我近年对奔驰很失望，售后不如宝马，操控不如奥迪，性价比不如大众，我说的不全对，纯属个人意见。
doc10255-1|null|null|定价不合理，经典款式供应不足，刻意制造短缺。
doc10266-1|null|null|碰到了接我们的司机，丰田车比我想象中小些，不过我们就两个人倒真心无所谓了。。。
doc10492-1|null|null|丰田的设计师就如此缺乏想象力吗？
doc10514-1|null|null|死福特好的没学到，学到了大众的套娃战术。
doc10538-2|null|null|还有后面撅着的尾巴，已经过时了。
doc10628-1|null|null|大多款不比陆虎便宜啊，有一款的官方报价竟然是388万。
doc10643-1|null|null|就你这服务态度不倒闭是老天瞎了眼！！
doc10650-1|null|null|起亚爱积碳，居然还说出来油耗高、动力差这个是事实，居然还赖在市区低速行驶
doc10718-1|null|null|车主投诉聆风电池老化过快?
doc10766-1|null|null|大众汽车是没有诚信且傲慢的企业，这样一个漠视客户，懒惰并只在乎赢利的企业，必将受到市场的惩罚！
doc10786-1|null|null|奥迪也是，销售都剥面皮的！
doc10836-2|null|null|大形势下，日系冷淡，正常！
doc10904-1|null|null|一部奔驰一年两次大保养均价一万五大约三次小保养均价三千还有七七八八的零件更换两万好贵好贵德系保养最贵奔驰最低宝马奥迪居中不过小毛病多以及带t（涡轮）的烧机油
doc11030-2|null|null|贵阳贵和本田，曾经门庭若市，店外随处可见“全国销量冠军店”横幅，店内上下热闹非凡；
doc11035-1|null|null|哈哈，服务来说雷克萨斯ok的奥迪4s店的态度都这样傲慢？
doc11104-2|null|null|这4s店也真变态，只能选高配，定车等4个月，还要加价两万，当神车卖啊，严重鄙视！
doc11140-1|null|null|可惜品牌影响力实在太差。
doc11143-1|null|null|或者我拿沃尔沃的xc60跟你换个奥迪r8的，沃尔沃的太小气了不够大。。
doc11244-1|null|null|木有天理，昨天去熊猫4s店控诉其14.4高油耗，并且痛斥1.3排量自动档跑不过0.8手动档比亚迪时，工作人员居然很淡定地说：'你这款车的确动力小了点，油耗高了点，但你说的一切都是正常的。
doc11254-1|null|null|通用的v8引擎没可能在中国普及的，因为排量实在太高，税交不起啊别克有v8的么？
doc11265-1|null|null|byd的策略根本就是有问题，为了圈钱，不是为了造车……
doc11304-1|null|null|估计又是个根本不省油的混合动力车……
doc11304-2|null|null|对除了福特之外的非泥轰车厂做的混合动力车毫无信心这套混动因为太保护电池，所以限制条件相当多，特别是夏天，基本不可能参与工作。
doc11319-1|null|null|用了东风日产原装电瓶二年多一点，电瓶就鼓起来发不动车了，只能又换，日产配件质量太差
doc11352-2|null|null|别克4s店的销售，态度差，又牛皮哄哄的，车没高6好，把英朗都能吹上天。
doc11419-2|null|null|可惜系大众旗下我不喜欢！
doc11481-1|null|null|速腾内饰也不好看。。
doc11617-1|null|null|没想到奥迪a4这个在中国卖的火的不得了的车，其实不堪一击～～美国最新的汽车碰撞试验
doc11637-1|null|null|个人比较讨厌开别克的，因为经常发现别克大白天的开着车灯甚至远光，每次被晃发现又是个别克，心中一万只羊驼奔腾，最近在上海各种原因各种机会开了各种别克，才发现原来几乎都是特么自动开灯的，别克的设计师大概都是偏远山区出来的吧，默认不是自动会死啊
doc11659-1|null|null|本来嘛，奥迪就在中国火了一把，在国外就是跟大众、别克一样的档次，而且小毛病又那么多~
doc11660-1|null|null|同为豪华车“bba阵营”，奔驰的销量绝对值和相对增幅，都远远落后于对手。
doc11672-1|null|null|比亚迪奇瑞吉利什么的，你们看看吧，你们是怎么对待客户的
doc11798-1|null|null|不过大奔动力还不如这别克，所以说，买啥车别买低配。
doc11822-1|null|null|当然，国内各大城市中，车风车德最差的，无疑非奥迪a6莫属。
doc11824-1|null|null|比亚迪回复玻璃本性，没有默德萨克是最大败笔
doc11854-1|null|null|我跟老爸商量买车的事情，我选了即将发布的encore，别克君越和大众图观，最后我爸还是劝我买图观或凯悦，因为encore的新设计不符合规范，而君越不适合我这个档次的男生
doc11939-1|null|null|新览胜的灯更是无力吐槽
doc11939-2|null|null|无力吐槽啊福特要把前脸做成阿斯顿马丁.....
doc12080-1|null|null|出事了才觉得日本车确实不好。
doc12123-1|null|null|哎，比亚迪何时能赶上这种服务啊。
doc12131-2|null|null|奥迪q7对我来说是个恶心的车除了开车的人舒服就没有让人舒服的地方！
doc12295-5|null|null|底盘厚实度差一点，前门板扶手太短，整体舒适性不敌polo。
doc12315-1|null|null|亲身体会，上海大众无论是产品质量，还是售后服务质量，都比一汽大众差！
doc12318-1|null|null|奔驰甲醛超标，宝马生锈，奥迪烧机油，于是我们可以知道：只要是量产商品就没有完美品。
doc12478-1|null|null|对大众汽车的前脸非常的审美疲劳，福特蒙迪欧和雪铁龙的设计让人耳目一新！
doc12501-2|null|null|比亚迪的发动机挂个凌志、奔驰、宝马的牌子也跑的是比亚迪的速度。
doc12593-1|null|null|高速断车轴，刹车常漏油！
doc12593-6|null|null|丰田就是刹的住，吓得车主尿一裤！
doc12593-9|null|null|赵本山说：车到山前必有路，可惜丰田刹不住！
doc12774-1|null|null|D1384-----欧美研发那么多年，技术很成熟，人家不批量生产，居然在中国这个发展中国家制造
doc12784-2|null|null|强烈鄙视日产车商，今天路上这么拥挤，脑残日产车商东风尼桑启辰…
doc12835-1|null|null|奥迪的大嘴更大了。
doc12954-2|null|null|坑爹的东昌福特4s，明明坏了一根皮管，竟然忽悠我换进气歧管总成还好没上当。
doc12960-1|null|null|买过之后保养你才会发现，保养和到医院看病是一样，这个搞不搞随便你，搞了肯定好点，但你不搞，出了问题我们不负责任，尼玛，日产的，你还有的良心不。
doc13087-1|null|null|奥迪的吉普中看不中用~苦逼的赶路孩子只能窝在最后座的小小空间里~
doc13149-3|null|null|再看看我国的比亚迪，吉利，不是气囊不会爆，就是车头灯进水，总之做出来的产品惨不忍睹。
doc13488-1|null|null|上坡别跟汉兰达，下坡躲着凯美瑞、、日货啊
doc13617-1|null|null|中间还来个日产，看着就来火。
doc13620-2|null|null|奇瑞汽车下线了这是结果，而不是奇瑞委屈的到处说自己一腔热血工业报国无门。
doc13638-1|null|null|车问网已经发布《“健康汽车”检测报告》，11款主流车型存在致癌风险。
doc13657-1|null|null|做一个中保竟然要近1500，4s真是会赚钱呀我在#上海锦江大众汽车销售#
doc13679-1|null|null|然而年上半年，日系车在中国的市场份额已经降至22.3%，位列第二，前景堪忧
doc13679-2|null|null|丰田混动虽然大举进入中国市场，但其攻势却面临多重现实难题，因核心零部件不国产，加上政府补贴政策迟迟未能出台等因素，导致混动车型售价高企，在华销量计划也未能大幅。
doc13682-1|null|null|国内，车主正对奔驰c系异味进行集体投诉，销量也被宝马，奥迪抛开。
doc13685-2|null|null|在樵乐路雪佛兰买车，订金刷卡了，现在过来俾首付，竟然被告知这属于二次刷卡，要我们支付银行手续费0.8%！
doc13735-2|null|null|以前那别克可是小毛病不断，保养费还死贵，不到2年排气管消音器就坏了，4s店换个1500多元，6年下来换了3个。
doc13838-1|null|null|草，什么技术感…
doc13838-2|null|null|鄙视奥迪的销售人员，吊的很（总觉的自己的车不怕卖不出去，不看看现在的市场经济！
doc13857-1|null|null|烂别克！
doc13884-1|null|null|但悲剧的是，加上关税得50万，谁会花50万买辆雪佛兰？？
doc13907-1|null|null|什么媒体吧，奔驰当保时捷，奥迪成了路虎，业务水平也就这样还去质疑别人，吃饱了撑着，富二代不能为国家服务？
doc13920-1|null|null|福特把欧美适用的设计拿到东方给部分人带来不便自己换支撑杆吧童鞋们，这是哪家汽车厂商设计的，太糗了吧！
doc13942-1|null|null|欧洲车市不好，不过竞争依然激烈。
doc13946-1|null|null|王传福过于沉浸在业绩的光环中，缺乏了后续的创新，使得比亚迪跌入过于依赖单一车型的窘迫局面，导致销量和利润没有支撑点。
doc13973-1|null|null|蛮好的史诗故事被本田拿来作车款名称就觉得恶心了奥德修斯复仇计划
doc13983-1|null|null|我又开上一辆l1.5的手挡车，起步不给力…
doc14037-1|null|null|如目前网络疯传的部分不法人士打着爱国的旗号，打砸自己同胞的日系车辆，在汽车这一领域，我们的一些民族品牌相比日系车系确实缺乏竞争力。
doc14037-2|null|null|放眼望去：本田、丰田、日产、铃木、英菲尼迪、讴歌、斯巴鲁等等，可谓数不胜数，这些品牌我们的民族品牌确实与之有差距，望政府与相关产业人士，树立自己的品牌
doc14042-3|null|null|原车配的国产配件可能不是非常稳定。
doc14055-1|null|null|automotivenews9月25日的新闻china''sautomakersfindnewsuccessatmakingbettercars狂吐槽中国自主品牌，尤其是吉利，大爆其熊猫完全copy丰田在欧洲的车型aygo，而且还偷工减料，不考虑安全，被批得体无完肤！
doc14090-1|null|null|中国的汽车工业真的已经陷入到了吃人边角料的死循环中了吗？
doc14134-1|null|null|对雪佛兰4s店的各种坑蒙拐骗已经失望之极，3万公里告诉我轮胎跑偏，并且已经磨平，得换胎，4条都得换
doc14207-1|null|null|蓝驱和奔驰的blueefficiency相似，内容宽泛，概念模糊。
doc14233-1|null|null|丰田就更惨啦
doc14233-2|null|null|日产停系因为产能过剩遮.
doc14277-1|null|null|加达雪佛兰的销售们显然很缺乏这点，散漫业余，拉黑！
doc14323-1|null|null|如果此条新闻为真，傻逼丰田离关门儿不远了……
doc14323-2|null|null|下次在中国见到丰田的时候，它可能已经门庭改换姓名香了。
doc14323-3|null|null|丰田这帮傻逼，你们坑害了你们在地球上最大的客户群，中国客户。
doc14386-3|null|null|雪佛兰科鲁兹你的电瓶就像大姨妈一样，一月来一次！
doc14408-1|null|null|据北京晨报报道，雪佛兰爱唯欧等11款主流车型内饰致癌物超标
doc14475-2|null|null|比亚迪要倒闭的，垃圾企业，家族式管理，狂妄自大吹牛皮却又没什么水平（管理水平，技术水平）。
doc14507-1|null|null|话说奥迪在这部电影的广告打得真失败，剧中最长的一段飙车戏，居然是一宝马和一路虎，宝马废了后，广告商的q5上镜，q5放在路虎旁边就像姚明旁边站了个郭敬明。。。
doc14566-1|null|null|在瑞安上金村，无意发现一汽大众4s店的排污口有黑色的污水直排入小溪，本来清澈的小溪瞬间变黑了，居住在附近的小朋友说这样的污水直排，已经排过很多次了
doc14581-1|null|null|别克看着胖，不好看。
doc14630-3|null|null|但在系统实施中发现byd功能与售前顾问的说法严重不符，而且售后顾问也很明确byd就是一个标准软件。
doc14636-1|null|null|后来一查是涡轮进气口松动，虽然不算大问题，也不会诱发重大事故，但这种低级错误着实不应该出现啊。
doc14636-2|null|null|#口碑分享#蒙迪欧-致胜车主口碑截取：装配的比较糙，首保做完拉高速时居然提示发动机故障，当时是160km/h的速度，想吓死人啊。
doc14646-1|null|null|今天来到起亚4s店做保养第一感觉就想买车不过隔壁的斯巴鲁销量好像很惨淡啊……
doc14680-1|null|null|好好国旗被王总设计的本田标志弄的四分五裂
doc14686-1|null|null|已经对奥迪a4l失望之极，无缘无故刹车油管会破裂的，已经第三次刹车失灵了，还不算在质保范围内~
doc14731-1|null|null|丰田如此极其不负责任的行为，将直接造成国内的某些人会蒙受严重损失，是要破坏中国内部统一的反日口径。
doc14736-1|null|null|大众汽车集团我投降了
doc14777-1|null|null|对于2009至2011车型，美国高速公路损失数据研究中心列出了最经常（约为平均水平的两倍）受到人身伤害保险索赔的车型，排在第一的是丰田雅力士。
doc14804-3|null|null|国产的奔驰c甲醛超标4倍。
doc14804-7|null|null|北汽太丢国产车的脸，上周末跟北奔工厂一小领导吃饭说奔驰国产车别买。
doc14817-1|null|null|无怪乎韩国出了三星lg现代起亚而我们……
doc14838-2|null|null|可是我的车目前还没有给我任何回应，我觉得雪佛兰不仅是服务态度，这个公司的诚信都有严重的问题。
doc14841-2|null|null|雅力士，雅力士包你英年要早逝！
doc14841-3|null|null|开上丰田雅力士，重症房里把伤治！
doc14841-4|null|null|赵本山小品:车到山前比有路，可惜丰田刹不住，丰田就是刹住车，吓得车主尿一裤。
doc14841-5|null|null|买了丰田凯美瑞，太平房里安心睡，三轮丰田好，缺腿也能跑，高速断车轴，刹车常漏油，开三轮丰田奔极乐黄泉！
doc14937-1|null|null|因为它用丰田普通车的发动机开雷克萨斯的人，已经得不到开豪车的那种自豪感，雷克萨斯已经是衰败中的品牌了，怎能和如日中天的宝马、奥迪媲美？
doc14949-1|null|null|丰田在动力电池方面乏善可陈，因此有此一说，你看。。。
doc14949-2|null|null|还是油电混合靠谱，除非电池有突破性质革命byd的股票要跌了。
doc14975-1|null|null|比亚迪的所谓电池技术，军网上科普过，完全就是忽悠。
doc14989-1|null|null|别克encore给人的第一感觉不是惊艳、不是前卫，而是有点憨厚，这是某小姑娘表达出的第一印象感受。
doc15095-1|null|null|大家睇下这个视频，日本车是如何偷工减料的。。。
doc15095-2|null|null|保险杠，劣质胎，焊接车门，垃圾悬挂系统，没有刹车优先系统，同德国车形成鲜明对比
doc15135-1|null|null|奔驰在中国的问题错综复杂，论政府关系不如奥迪，论品牌个性不如宝马，论性价比不如日系，再加上经销商问题迟迟处理不好，导致现在的状况就不奇怪了
doc15224-1|null|null|吉利比亚迪长城伪军三贱货！
doc15256-1|null|null|个人感觉比亚迪速锐推广广告相当失败！
doc15256-2|null|null|这个功能充其量属于附加卖点，根本不能给消费者以决定性因素。
doc15331-1|null|null|福特车好费油好费油，路好堵好堵，想回家可怜的小思乡情节又来了
doc15457-1|null|null|比亚迪经常吹牛说是要在哪里开个啥大厂，整合上下游之类的，一般这种企业在中国都是很难做大，主要是无法专一，只想通吃。
doc15499-1|null|null|但业内专家表示日系低迷的根本原因还是自身产品、技术问题。
doc15525-2|null|null|13000公里发动机就渗机油，销售员还神吹什么欧宝发动机，狗屁！
doc15575-2|null|null|难怪日系车那么脆弱……
doc15648-1|null|null|下次换个牌子买，还是奥迪好你妹的，去4s店修车，技师私下偷偷地说这个cgi技术还不成熟，车常出问题。
doc15664-1|null|null|从斜上方看，奔驰ecoupe这个冒充e级车的款型真是臃肿到看不下去，那个amg包的造型都是神马啊，把自己当九十年代末起亚么…
doc15713-1|null|null|可惜最后“吉普-鹰”的logo色调貌似有百事可乐的植入，算是一点美中不足吧！
doc15839-1|null|null|大众这一腔的系列广告居然比奥迪和梅赛德斯还难懂，撒情况……
doc16023-1|null|null|今天看了起亚的k3，说真的，有些小失望~~~不是我喜欢的风格~~~
doc16027-2|null|null|可能也知道请教下诺诺，为啥奔驰保养贵那么多？
doc16042-1|null|null|难怪日系车省油，原来少了零件轻了很多。
doc16042-2|null|null|其它方面包括独立悬挂，车门焊接，等都减配严重。
doc16042-3|null|null|同时日系车为了节约成本，电瓶容量都比欧美车少了一半。
doc16042-4|null|null|浙江卫视报道，日系车在国外都是前后2个防撞钢梁，在国内后面是没有防撞钢梁的，安全根本没有保障。
doc16128-1|null|null|譬如说本田，被别的品牌的车一撞，哎呦，塌了一个大坑；
doc16128-2|null|null|丰田呢，车款辆辆千篇一律，没点儿新鲜感，车的质量也不咋的。
doc16249-2|null|null|看到福特锐界2.0t，才豁然开朗起来，原来什么途观，指南者，汉兰达都是浮云啊...
doc16278-1|null|null|在国内民众的眼光中，别克很难和奥迪、宝马相提并论。
doc16362-1|null|null|谁tm说的奥迪保养费用比奔驰便宜的阿！！！
doc16472-1|null|null|又是比亚迪电动出租车，技术尚不成熟到底存在多少安全隐患
doc16481-1|null|null|隔离场的日产，起亚，也一个鸟样__
doc16524-1|null|null|丰田不也有“客户第一，经销商第二，厂家第三”这样牛b的言论吗。
doc16638-1|null|null|丰田电动失败！
doc16680-3|null|null|17万的传祺几乎全方位比不上11万的本田锋范。
doc16680-4|null|null|做工粗，处处手感糙，椅子硬，顶着腰子，隔音差。
doc16680-5|null|null|2.0的比锋范1.5的动力还差一截，换档顿挫感明显。
doc16680-6|null|null|刚刚试驾了30公里广汽传祺，总体评价是，幸亏他不是买的，只是免费使用。
doc16765-1|null|null|对雪佛兰4s店的各种坑蒙拐骗已经失望
doc16778-1|null|null|日本车还是不行啊！
doc16954-1|null|null|volvo不是别克gl8对手，就象欧洲斗不过美国。
doc16963-3|null|null|但刹车也太高了吧？
doc17009-1|null|null|自行车太次，宝马太好。
doc17105-1|null|null|奔驰不买s400混合动力！
doc17105-2|null|null|奔驰怎么能够推出这种不成熟的产品？
doc17200-1|null|null|合资的奥迪，一年，左侧前车窗降落时吱吱响。
doc17232-1|null|null|mg3太冷门了。
doc17242-2|null|null|这日本车真tnnd贵。
doc17338-1|null|null|丰田你傻b了吗？？
doc17343-1|null|null|就雪佛兰这破车...
doc17350-1|null|null|这别克的微博营销效果不错啊，至少我上当了。
doc17453-1|null|null|就是推广不行，并且没有将运动基因贯彻到底，如果是，也许卖得更好。
doc17510-1|null|null|这些导航甚至远远不及10万块国产小车的导航好用。
doc17510-2|null|null|不好用的导航仪配上别说11寸屏幕，就是配60寸平板也是扯淡啊！
doc17510-3|null|null|5系宝马和奥迪a6的导航基本做的差不多，输入麻烦极了，麻烦到你看着导航仪不想用的程度。
doc17535-1|null|null|破丰田4s。
doc17608-1|null|null|开丰田不安全了。
doc17699-1|null|null|坑爹了，我轻轻的一吻丰田车，你丫直接保险杠掉了。
doc17809-1|null|null|奇瑞真没怎么抄过，看看长城比亚迪抄袭和假冒才是我们的特长，创新那是扯淡！
doc17966-1|null|null|通用的车不靠谱！
doc17997-1|null|null|旁边就是比亚迪工厂，听听振业峦山谷业主无奈的呐喊吧，电池生产污染，让您轻松睡不着觉！
doc18017-1|null|null|呼吁良心车企唤醒黑心4s店维修才是最大的黑幕：一个朋友的#比亚迪f3#后杠被磕了一个小坑，北京某比亚迪4s店竟然喊出1880元的吉利数字，他们为什么不索性喊出8888元呢？
doc18163-1|null|null|马力再大的奥拓，终究也难以成为奥迪！
doc18288-1|null|null|这可以说明日本车为什么省油了，就因为偷工减料后车子轻了，别无它方！
doc18354-1|null|null|至于a4l和q5的低配么有后排空调出风口，我认为那纯属一汽奥迪故意恶心消费者的做法，不就是换一套扶手箱吗，去淘宝买原厂件改了，能用2k吗……
doc18403-2|null|null|所以丰田本田的重心搞错了，在中国只要售后还过得去，产品才是王道！
doc18416-1|null|null|眼镜蛇跑车想当年可以称为无敌的车当年出产的时候他是除左拿来开咩功能都没，没音响，没收音机，没空调，唯一的用处是奔跑无语比的速度后来出了太快撞死人得事情出左5000台就停产了公司就给福特收购了！
doc18430-1|null|null|在北京这种塞车严重的路况下，大众的蓝驱在经济性上无法和丰田混动相比，维修保养成本高，dsg的可靠性也是个问题。
doc18540-2|null|null|给你找个一汽奥迪的闻下才知道什么叫夸张
doc18641-1|null|null|汽车空调不会冷..
doc18641-3|null|null|09年12月底买的奥迪车，用了2年多以来出现各种毛病。
doc18641-4|null|null|多媒体中控台死机坏了没法用(那时在保内给我们更换了).
doc18700-1|null|null|雪佛兰车靠不住啊！
doc18700-2|null|null|难看的车标和有自燃的习惯，我亲眼所见的就有两辆（科鲁兹和景程），这有一辆上演了……
doc18794-1|null|null|现在特不喜欢别克车，特别是宝石蓝的别克君威，不知道为什么。
doc18814-1|null|null|日本车实在太软了，现代的士几乎没事，丰田两个前轮一个飞了，一个彻底变形，全部废掉。
doc18850-1|null|null|日产尼桑的质量真不是吹的，拖车都能被拖散架
doc18850-2|null|null|丰田没路刹不住，本田就怕手指戳，一戳马上一个窝，尼桑铁皮更是薄，开关车门都哆嗦。
doc18876-1|null|null|比亚迪的炒作太低端了，就为炫遥控这个功能，尼玛海归还开比亚迪？
doc18926-1|null|null|声讨安信丰田，强烈保护我们消费者权利！
doc18926-2|null|null|这样的黑店，完全已经失去了客户的信任，根本就是一家不达标的店，明明轮胎有问题还要销售给客户，非常不道理的行为，建议把店关了算了！
doc19095-1|null|null|byd能跟福特野马比吗？
doc19095-2|null|null|换个造型换个涂料就f18的强劲对手了抄外观都会抄！
doc19228-1|null|null|槽点太多，不忍直视。
doc19228-2|null|null|capcom是不是觉得以前的设定夸张过头想走点清新路线……
doc19300-1|null|null|试了试电脑才发现大众4s店还是比不上奥迪的.....
doc19457-1|null|null|现在的宝马无语喔！
doc19457-3|null|null|全世界都知道德国车可靠性差，就中国人相反。
doc19457-4|null|null|有些国产车可靠性更差，也没发现生锈的啊，还是宝马质量把控得问题1系还没国产呢，和国产还是进口没关系。
doc19497-1|null|null|前段时间是思域碰科鲁兹侧翻，都是本田的啊这锅门火了你们盆油底盘敢不敢再轻点？
doc19641-1|null|null|说抵制日货的人是不是太片面了，一汽还有日货呢，现在丰田本田除了纯进口的，其他都是合资的，谈什么抵制啊，那啥也不能够同意啊。。。
doc19685-1|null|null|宝马比丰田贵，而且再一次证明了素质普遍低下的愤青伪爱国人士智商也不高。
doc19730-1|null|null|我现在特烦丰田车和本田车。
doc19730-2|null|null|这两种车在路上普遍都不老实，路线诡异，思维方式异常，透着一股子邪劲！
doc20193-1|null|null|左边比亚迪车差人品更差，右边奥迪仗着没牌嚣张至极！
doc20226-1|null|null|因挡风玻璃价格比较昂贵，车主苦不堪言。
doc20256-1|null|null|还有就是大众奥迪的车太残了！
doc20282-1|null|null|想笑，环保的快来啊真他妈丢人那东风本田是尼玛国产好吗？
doc20346-1|null|null|销量下降的不只是日系车，奥迪、宝马、奔驰等名车以往都要加价提车，现在动辄降价几万、十几万说明销量也低于预期。
doc20386-2|null|null|过度接近的前脸设计，看细节都不容易分辨，跟宝马起亚的设计有很大的区别
doc20468-1|null|null|福特的操控性还是不如克尔维特啊！
doc20473-1|null|null|奥迪a4敞篷咋一看还以为有人无聊用a5改的
doc20501-1|null|null|熊宝，去看下#雪佛兰科帕奇#白色还是黑色好看，途观的口碑实在是不尽如人意。
doc20597-2|null|null|但现在开丰田车上路，却成了极大的安全隐患！
doc20652-1|null|null|日本车还是不行啊!
doc20842-1|null|null|我相信你的车技，搞死卡宴你们~卡宴还是很强悍的，撞不过它，我的小4伤痕累累了，要进4s店了~我们左右夹击一定要撞撞他！
doc20886-1|null|null|日本车省油是牺牲安全!
doc21014-1|null|null|日产太不靠谱了，纸一样的品质，这不是第一次了，防撞钢梁用泡沫塑料，天花板填充包装箱纸，这次又这样，不知道这个负面应该怎么撤除啊！！！
doc21081-2|null|null|非独立悬挂，无底盘防腐涂层，脆弱纤薄的后桥，粗糙的裸露的封胶！
doc21131-1|null|null|比亚迪，不踏踏实实做产品，无脑的搞事件炒作，但你能不能策划好点啊，但由于策划拙劣，痕迹明显，演员雷人，真是让人作呕！
doc21224-2|null|null|这台新款起亚索兰托2.4，据车主反映起步不算十分给力，最为不满的是高速提速十分吃力，110速超车必须将挡方可，过120时速后提速很慢。
doc21229-1|null|null|如果碰上朗逸加价再过几个月才能提车，还有什么选它的必要？
doc21255-1|null|null|应该像比亚迪过着某国产品牌，只注重配置的杂牌
doc21346-1|null|null|5有一颗a6的心跟l的脸，奥迪躺着也中枪跟国内卖的加长车一个道理啊啥a4l的???其实就差防霸气侧漏双护翼了
doc21348-1|null|null|小别克前挡都凹了。
doc21359-1|null|null|看了起亚k3，感觉是宝马7系的前脸，大众cc的整体造型呢？
doc21375-3|null|null|#宝马生锈门#针对1系和新3系座椅架生锈事件，宝马中国宣布将为车主免费更换。
doc21380-1|null|null|我的宝马118i生锈了，你说怎么办？
doc21380-2|null|null|现在这已经不是单车问题了，1系、3系全都生锈了，你们车还想不想卖了能尽快给个答复吗？
doc21420-1|null|null|奥迪的确没说的，话说那天捷达挂了宝马，捷达p事没有，宝马p股红了一大块！
doc21420-2|null|null|车不能看性价比的，奥迪等车是王道，像菲亚特这种车不禁撞，前一段时间上海一辆菲亚特被酒家车撞飞，车里人很惨。
doc21433-1|null|null|巴菲特当时看好比亚迪的电动动力这块，但高估了比亚迪汽车的品牌，汽车业务拖累比亚迪的业绩持续下滑，导致高管对比亚迪前景看空，从而疯狂套现。
doc21450-1|null|null|在中国，别克再输给丰田、本田，受不了了的。
doc21450-2|null|null|美国的车，在美国本土卖不过日本，汽车公司都倒闭了。
doc21468-1|null|null|我今天晚上真心是无比淡定，儿子轻伤，酒鬼的小别克被撞惨了，他的气囊都弹出来啦，他一下车就开始吐，我还以为是吃多了撑着，被气囊打了吐出来，殊不知是喝了酒，真晕....
doc21490-1|null|null|“速腾+宝来+朗逸+捷达+桑塔纳”加起来一个月卖10万辆很显然是有问题的
doc21542-1|null|null|恶心的一汽大众，自己旗下不是有一汽丰田和一汽马自达，有种宣布终止合资啊！
doc21552-1|null|null|敢不敢设计人性化一点！！
doc21643-1|null|null|讨厌起亚
doc21684-1|null|null|离合超高，倒车死火好多次
doc21698-1|null|null|要是大家都能买得起兰博基尼都能买得起玛莎拉蒂谁他妈还去买日产阿。
doc21707-3|null|null|本田年销千万辆，捐款才捐二十万。。
doc21730-1|null|null|去他妈的通用雪佛兰迈锐宝等轿车
doc21733-1|null|null|悲剧的是：朗逸没事，我的本田车撞坏了，所以说，抵制日货是有道理的。
doc21774-1|null|null|现在网易各种窗口广告极其烦人，极其闹心，最可恨的是那个加多宝，明明上面是个叉，点了立马蹦出福特汽车的广告，有你们这么糊弄父母的吗？
doc21874-1|null|null|我不喜欢丰田！！！！
doc21931-1|null|null|别克新君威的质量真是要命啊！
doc21969-2|null|null|沃尔沃觉得6at比较适合城市道路，技术成熟、与发动机更匹配沃尔沃怎么不用双离合了？
doc22015-2|null|null|被告知越野性能不如普拉多。
doc22021-1|null|null|前面的丰田被撞的安全气囊都震出来了，被撞的程度反而我们轻，丰田严重，以后还是努力挣钱买个好车提升自身安全。
doc22056-1|null|null|一汽大众也不是什么好鸟，dsg变速箱的问题不也还没有解决？
doc22082-1|null|null|突然想买部q7和部别克，但是没钱又限牌油费又贵身负重任只能想想穷就是没办法这两天做事经常走神好想头脑一片空白（安静）
doc22133-1|null|null|家有别克定凯越一辆，近日常出现不能启动的情况。
doc22143-1|null|null|这是什么设计啊，为什么不安两把刀子？
doc22147-1|null|null|慕尚到手开了总共不到1小时，先说一点不足：倒车雷达pdc和其他欧陆gt一样，只能在倒档的时候才自动开启，蠕行前进时必须手动开启。
doc22171-1|null|null|亲历一场撞车，千万别买日韩车，车头撞个稀烂，前面的奥迪q7就擦破点痕。
doc22186-1|null|null|大众汽车像它的名字一样不愧是低端车世家！
doc22227-1|null|null|除了左下角的吉博力logo别的我真没有看出来欧洲遍地都能看到吉博力，就像上海能看到遍地大众汽车一样。
doc22241-1|null|null|凯旋这个名字虽已是中高端印象，但产品是c4的底盘扣上拉长车身，本来是中级车，硬放在中高端区隔，岂有不输之理。
doc22311-1|null|null|这台新款新款起亚索兰托2.4，据车主反映起步不算十分给力，最为不满的是高速提速十分吃力，110速超车必须将挡方可，超过120时速后提速很慢。
doc22354-1|null|null|翻来覆去玩奥迪和大众车就那么一款，伸长压扁，削平加宽加厚的，你有意思吗？
doc22467-1|null|null|同样在用拉皮，压扁，葫芦娃的方式制造“全新”产品，苹果在今晚受到前所未有的吐槽，那么大众汽车是不是可以去shi了，人苹果好歹拉皮不加价呢，亲！
doc22543-1|null|null|后排略显不足.
doc22543-2|null|null|低档中噪音比较大.
doc22543-3|null|null|车辆加速换挡顿挫感灰常明显.
doc22543-5|null|null|驾驶体验：热车后开空调起步动力不足.
doc22598-1|null|null|活脱脱一个雅尊，我觉得本田这代要继续走下坡路了。。。
doc22619-1|null|null|由于油门踏板和脚垫、刹车系统出现问题、油管存在漏油风险的原因，丰田多次召回其在全世界各地的车辆。
doc22638-1|null|null|开过大众，开过福特，开过松花江，两万块钱的车，真是难开。
doc22678-3|null|null|现在发现了一个规律，你在路上看到的奔驰一般会比宝马要贵。
doc22786-1|null|null|日产天籁更是刺鼻恶臭，如果夏天中午开车，估计一般人十分钟就要晕倒了。
doc22804-1|null|null|奥迪刹车门；
doc22804-2|null|null|宝马生锈门；
doc22804-3|null|null|沃尔沃气囊门；
doc22804-4|null|null|福特和三菱漏油门。
doc22804-5|null|null|近期豪华品牌接连爆出负面新闻：奔驰电池门、致癌门、发动机异响抛锚；
doc22822-2|null|null|朋友借的纪念版mini，小王说开着不是很爽，在上海一直被加队，小王实在驾驭不了这中看不中用的车。
doc22833-2|null|null|没错，太高档的车汽油标号要求也高，维修也不好找地儿，太不适合去西藏了。
doc22843-1|null|null|我妈居然会想去买福特两厢的...
doc22843-2|null|null|一看老子就会想起奇瑞qq切难看...
doc22878-1|null|null|我x，日产真是坑爹，今天刚刚上市的”启辰“和老骐达几乎一模一样，而且价格最高才8万，让老骐达的车主们情何以堪啊~还好车子卖掉了，再也不买日本车了，干
doc22954-1|null|null|日产车不能卖啊''太骗人了偶滴小骐达也很脆弱~一被亲就得换保险杠~偶在换车前还是小心加小心吧
doc23023-1|null|null|什么五菱汽车，难道不是模仿三菱？
doc23023-2|null|null|什么比亚迪，以为自己有几个英文字母就了不起，还不是模仿别人的造型？
doc23066-1|null|null|我最讨厌的一款日产车，斯巴鲁，意思就是骂我们中国人，“死八路”！
doc23131-3|null|null|在比利时日本车只是小白领们开的。
doc23131-4|null|null|只买过一次好朋友公司的美国福特，日本车从来没买过，车皮太烂！
doc23267-1|null|null|莫非是比亚迪的广告，这么推新车啊，遥控功能展示不明显啊，这营销……
doc23304-1|null|null|反正小毛病真的好多，下一辆车肯定不会考虑奥迪这个
doc23304-2|null|null|我作为奥迪车主两年来的体会，多媒体死机统统换了，显示屏死机，倒车雷达经常误报，现在连发动机燃油泵也坏了。
doc23331-1|null|null|比亚迪这样来做广告就有点过了，藐视法律，低级的炒作方式！
doc23366-1|null|null|别克也不过如此
doc23419-1|null|null|雪佛兰保养不到一周竟然不能发动了！
doc23443-1|null|null|一朋友老板的车才3年，雪佛兰的，买时候20多万，手动挡，现在档位要修第二次了，罕见的病，再修一次说就不能修了，要卖掉了说，运气真背
doc23451-1|null|null|上次和一个美国学生一起上路，他坚持要租一辆绿色的起亚，避震很差，一路上就像坐上了按摩椅上下不停。
doc23462-1|null|null|后面那个红别克（有点远，没看清）mm貌似没睡醒吧，把前面的雪铁龙给追了，结果冲击力让雪铁龙把前面的路虎（没看太清楚好像是）给追了，结果雪铁龙悲催了，前凸后翘了。
doc23477-1|null|null|就像一部车，远看以为是雷克萨斯，近看原来是比亚迪-byd（不要得)
doc23548-1|null|null|开车翻越海拔4200米雪山梁时我的别克gl8发动机开锅！
doc23553-2|null|null|世爵本身的动力研发能力较弱，主打车型c8的4.2lv8发动机购自奥迪，最大功率为406马力，在超跑中成绩平平。
doc23566-1|null|null|看来长城的刹车问题很严重啊，难怪当年于虎在广播里面骂长城的刹车骂了小半年
doc23568-1|null|null|霸气评论各种亮点，这奥迪q7看来是掉价了。。。
doc23592-1|null|null|丰田极力推荐的混合动力车型反而在中国没多少市场。
doc23597-1|null|null|福特地盘是不是会留有硬伤呢？
doc23615-1|null|null|比亚迪遥控汽车营销手段实在太恶心了让他们得瑟着吧！
doc23627-1|null|null|dsg就自己慢慢兜着走吧，问题不根本解决掉只会越来越被动，中国用户也是很聪敏的。
doc23655-1|null|null|我去~~~太血腥了~~~安全气囊呢？
doc23726-2|null|null|奇瑞奇瑞修车排队你得排号儿你前面还指不定多少换发动机的呢早就跟你说卖了吧你不听。。
doc23772-1|null|null|扔了那破奥迪、我法拉利和阿斯顿马丁、随便挑~带我去兜风~！！
doc23793-1|null|null|奥迪的涡轮烧机油，奔驰的涡轮渗油，宝马的涡轮还没有经过广大劳动人民的考验。。。
doc23828-1|null|null|但是君威整个车头都拱起来了。
doc23856-1|null|null|有点山寨啊，前脸像标致308，尾巴像奥迪a4l加油加油！
doc23876-1|null|null|哥准备去买个小车车，丰田太贵又是日本车所以不考虑，其它还有什么日本牌子的车？
doc23890-1|null|null|谷歌无人驾驶汽车的成本异常之高，每辆甚至超过了30万美元，远远贵于一辆法拉利。
doc23891-1|null|null|脑残才买比亚迪
doc23946-2|null|null|一汽、上汽，这两个老字号的国车品牌，这么多年也真够怂的。
doc23967-1|null|null|是国人自己把大众捧成这样的。
doc23967-2|null|null|我就不信了，奥迪哪个级不都是有比之相当或更好的选择
doc23973-1|null|null|老几位，还得帮个忙，家人上班需要用车，我就剩一辆破别克凯越，你们说，那车跑高速行吗？？？
doc24023-1|null|null|特么的让马丁车主情何以堪，可以叫它小马丁吗？
doc24023-2|null|null|让我想起了比亚迪，原来抄袭不只是国人的强项，这美国佬要是搞起模仿来可了不得，还真像这么回事
doc24037-1|null|null|这事应该请干露露完全没有社会责任明显是炒作，还好意思那这种所谓“技术”来炒作，比亚迪的人还有底线吗？
doc24052-1|null|null|担心你们家的车吧2.8排量还是别克烧油比我厉害100倍快去买电瓶车~奥扫坑爹！
doc24094-1|null|null|比亚迪怎么老出这种没水准的事，对用心打造品质这面旗完全是反作用，内部是不是有间隙
doc24100-1|null|null|奔驰已经彻底靠边站了
doc24218-1|null|null|别克和比亚迪两条视频没给品牌产品加分，反而给海归女下了定义：胸大无脑乱开车就算是为了突出新功能也不能如此脑残吧。
doc24229-1|null|null|奔驰1.8t机器涡轮漏油是必然的，是常态的，国外已经大量原厂召回更换了，国内终于也开始了，此次涉及的车辆型号有：m271evo发动机均为1.8t四缸涡轮增压缸内直喷（cgi）发动机。
doc24290-1|null|null|还有个内幕，雷克萨斯在日本跟丰田一个价，在中国成了高档车。
doc24290-2|null|null|日本丰田总部展厅，傻逼小日本很阴险，很多车型留着自己用，一些车型在日本卖不动就卖给中国，还做减配和廉价零件等手脚降低售价，汉兰达在日本不生产，因为性能不行！
doc24338-1|null|null|奥迪把车从他那里召回吧，太丢人了，影响品牌形象…
doc24402-1|null|null|昨天的事故照片，因为前面一辆奥迪追尾货车，停在道路中间车道，那个车道的飞度看到有车，突然变道到旁边逍客和皇冠所在的车道，逍客急刹，皇冠急刹，来不及了，3车追尾，皇冠在最后，全责，但是主要原因是奥迪没打双跳，没放警告标志，停高速中间，飞度随意变道，还有就是日本车真tm不经撞
doc24485-1|null|null|还好昨天下午卖掉潍柴动力，今天买入了四环生物，本来是要买比亚迪的，只是下手太慢，就没继续下手了....
doc24515-1|null|null|最后再说途观，算了还是不说了……
doc24569-1|null|null|奇瑞冒充雪佛兰，好歹你也上进一点啊…
doc24645-1|null|null|日系豪华车在中国一直踩不到点上。
doc24645-2|null|null|等日系豪华车发动机（3.0以下）调整好了准备二次发力的时候，德系豪华车都开始玩命降价了，现在来看很多日系豪华车车型的销售价格，基本上给人感觉是卖给傻子的，主动降吧。
doc24657-2|null|null|苦了那个想尝试的起亚。
doc24691-1|null|null|朋友想支持国内品牌、买了上汽的荣威350、车内味极重、儿童上去即会睡着、店说好好去味、半年会好、各种方法除味、仍不好、只有卖掉。
doc24706-1|null|null|我说我不喜欢本田。
doc24753-1|null|null|这个福特也有其实v60倒是一般，毕竟我不是很需要旅行版。
doc24762-1|null|null|#cr-v-开创美好生活#新cr-v的座椅变得更舒适，不像老款感觉坐在被皮革包裹的纸箱上。
doc24765-3|null|null|街拍进口雪佛兰，这块头够惊人的！
doc24817-1|null|null|网曝迈腾新车轮胎遭翻新_迈腾，一直钟爱德系车，但是出现这样的情况真的降低对大众的信赖，而且迈腾真的很喜欢啊，出现这样的情况真的跟日产车一样的档次了
doc24818-1|null|null|亲身经历相对其它车：大众，丰田，日产算是好的了，反正新车味都大，要不断通风，新车开始一段时间我都不敢让儿子上车。
doc24825-1|null|null|福特就是这样，买了首席集团的所有品牌，完后再偷偷摸摸的效仿，先是路虎，现在是阿斯顿马丁！
doc24862-1|null|null|#2012款f0#车身尾部的比亚迪logo采用了发光技术，夜晚将会点亮，发出红色的夜光，相当亮眼
doc24899-1|null|null|马路上乱开的排名第一的当仁不让就是马六，我几乎没看到过一部马六是规规矩矩开车的，排名第二的是各类高档跑车
doc24899-2|null|null|从我这几年在马路上看到的情况分析，改装（包括贴纸）最多的5座轿车（运营车辆不算）应该是雨燕，几乎没有一部雨燕是干干净净呈现原厂状态的，排名第二位的是三菱的翼神，都把自己当evo。
doc24924-1|null|null|停车在别人车库门口，这类缺德的事情怎么总少不了你们丰田，特别是凯美瑞，不是我针对你们，是你们自己不要脸我在:
doc25009-1|null|null|反正神马砸日系车，破坏自己族人靠血汗钱换来的东西这种行为太愚蠢，不买纯日本进口的日货才是真其实我转的时候不是因为日本，而是比亚迪抄袭雷克萨斯外观真蛋疼。。。
doc25015-1|null|null|开奥迪宝马奔驰还行，要开个夏利，怎么看也不像大人物
doc25020-1|null|null|哥么们还有什么车可以可以选择的过半个月准备去订尚酷给我纠结下我怕到时候买了看到一个没注意看的冷门车价格大概就尚酷2.0tsi顶配或2.0d-link奥迪tt有想过由于老爸不赞成说外形太女人了不够man否决了！
doc25031-1|null|null|看到天籁那恶心的屁股就想踹进去我在#麦当劳(乐清虹桥时代店)#
doc25059-1|null|null|比亚迪么现在营销炒作的手段越来越大尺度了各种风骚各种露点啊
doc25119-2|null|null|但是重大缺陷就是低速状态下前后顿挫感严重，高速还比较平顺，开到90迈车子也感觉有点飘。
doc25164-1|null|null|雷克萨斯es“断轴隐患”-帕萨特-帕盟对丰田车渐渐失去信心啦！
doc25174-1|null|null|比亚迪真心不是做汽车的料。
doc25174-2|null|null|路上，一辆比亚迪正面撞上小面包的侧面，比亚迪的前保险杠掉了，前脸整个大豁口，而小面包只是车门有点瘪而已我在:
doc25188-1|null|null|目前，每年途观车型在美国的销量只有不到30000辆，很有可能是因为腿部空间和载货空间狭小，相比同级别的本田cr-v和丰田rav4车型并不占优势。
doc25193-1|null|null|奥迪也tm一个样
doc25193-2|null|null|新迈腾''新帕萨特''新郎逸''新宝来这四个车前脸完全一个样阿。
doc25193-3|null|null|但这不是最悲剧的''最悲剧的是途安和夏朗''完全就是一个车嘛''答中的设计师都死光了吗？
doc25273-1|null|null|绝对是比亚迪的炒作且一点不入流！
doc25273-2|null|null|这个所以的高科技，绝对是不计后果的炒作和社会安全隐患，比亚迪应该意识到，趁还没有出大事，严重请求其取消这个可怕的功能。
doc25285-1|null|null|从九月一号高明实施新废气检测以来，无论过万块的雅马哈还是其他任何车都无法过线上牌入户，唯独是五羊-本田全线产品达到免检免过线标准，顿时觉得优越感无限，一定要在这个上面做文章。
doc25334-1|null|null|虽然这款车丰田出的叫harrier（鹞）但是它并不是高性能也不会飞。
doc25362-1|null|null|奥迪霸道，消费者终于怒了！
doc25384-1|null|null|东风本田的业务实在太古寒了、买车才送我们两份小礼品！
doc25399-3|null|null|一汽大众的中期改款车型新宝来下线，前脸不出所料地制服化了。
doc25415-1|null|null|别克新君威2.4的车子开了才两年，行驶了2万1千多公里，今早水温表居然晃动，显示不正常了，之前开十万不到的车子开了十年都没这种问题，别克太垃圾了！
doc25424-1|null|null|东风悦达起亚把我们听众当傻子吗！！！
doc25575-1|null|null|关于哥老关的奥迪a6居然不允许播放sd卡中的视频文件的问题，原来a6也是山寨货，早知道就买国产的，还可以看视频，你说对不对？
doc25718-2|null|null|额，本来还对雷克萨斯、马自达饶有兴趣对，想想狗日的软铁皮，还怕被抵制日货的“爱国人士”砸掉，还是算了吧。
doc25729-1|null|null|新款的，外形完全不配这头衔！
doc25729-3|null|null|新款的不管是a6还是a8我个人都觉得没有老款好看，显得小气。
doc25754-1|null|null|奥迪a8l的底盘那么底，没有想到被我蹭了一下，还是得买越野！
doc25759-1|null|null|感谢中升丰田维修团队，你们的低效给我充裕时间暴机华容道
doc25785-1|null|null|新奥迪a4l的广告在说精准操控，你个加长版而且主打又不是quattro，到底是想怎么卖啊？？？
doc25812-1|null|null|作为通用第一款量产电动车，雪佛兰沃蓝达自2010年上市以来，一直表现低迷。
doc25868-1|null|null|比亚迪的营销身材很火辣，思想很邋遢！
doc25913-1|null|null|那俩车把我刺激够呛。。。
doc25934-1|null|null|大众汽车只是费迪南德?保时捷按照希特勒纳粹政府的要求，“奉命兴建”的一个廉价汽车品牌！！！！！！！！！！！
doc25953-1|null|null|中南汽车世界吉利天吉4s店打出的标语让对面的东风本田颇有压力
doc25978-1|null|null|现在是求质量、上档次的时代，而比亚迪想以量取胜，在制造大量垃圾，不彻底改革，不提高质量，死路一条。
doc25987-1|null|null|破车比亚迪人为的一个秀。
doc26036-1|null|null|日本把垃圾车买到中国谋财害命：又一起德日对决，奥迪a4完胜丰田佳美！
doc26036-2|null|null|这么轻的擦碰丰田都会断轴（而且是老款原装进口的），看来日系车的质量真的差到家了！
doc26040-2|null|null|参观上海大众装配流水线，感觉与底特律的福特流水线差不多，但参观全过程感受差很多，大众的参观收听设备真不咋样。
doc26060-1|null|null|嘉兴雪佛兰很操蛋的，我的乐骋，在保修期内发现一个缸缺火，4s直接复位报警，不给处理，还信誓旦旦的说没有问题，今年出保了，报警又出现了，他们就说发动机出问题，要解体检查，我草泥马啊，在保的时候有问题不彻底检查处理，出保了就使劲宰人，太差劲求建议
doc26156-1|null|null|：丰田精神即农民精神，愚直的态度。
doc26248-1|null|null|起亚的车开起来不舒服丫！
doc26255-1|null|null|福特真不要脸，拥有过的品牌，都要把人家的精髓抄来！！！
doc26378-1|null|null|开这种车的人大多没素质。
doc26418-1|null|null|雅力士，，包你英年早逝！
doc26425-1|null|null|既然说了要操控强，很显然后驱的x1sdrive，xc602.0t是前驱，奥迪现在性价比太低，而且就途观弱小版，
doc26534-1|null|null|话说图片上阿斯顿马丁式的大嘴很销魂，可视频里实际整车效果有点差强人意的感觉，缺少些新鲜感。
doc26565-1|null|null|（车开太快了来不及拍照，反正比三菱的跑车型还丑。
doc26565-2|null|null|今儿看见一别克车，车主硬生生把它改成了跑车模样，这就是吃饱了撑着，闲的蛋疼！！
doc26593-2|null|null|在那些华丽的宣传后面，日本品牌国产汽车的品质存在极大的隐患。
doc26676-3|null|null|打倒爱国贼，中日友好万岁取人之长补己之短，如果一汽有出息，中国的道路上怎么会有这么多大丰田本田。
doc26711-1|null|null|车身轻，很容易飘移了。
doc26711-2|null|null|比亚迪的车质量肯定有很多问题，前几天去丽水高速上遇到两辆s5都撞得面目全非。
doc26732-2|null|null|兴庆内外车行如龟，司机烦躁。
doc26750-1|null|null|奥迪现在开的人多了a4a6素质也不咋地；
doc26861-1|null|null|维修厂里的维修工艺与威龙丰田正规4s店的维修工艺有较大差距；
doc26899-1|null|null|看都不要看起亚！
doc27060-1|null|null|额开奥迪的技术不行的哇追你妹啊！！！
doc27133-1|null|null|现实版案例：比亚迪过去的三年遭遇剧烈震动，利润缩水九成，汽车业务萎靡不振，it代工出现严重下滑，全国各地产业园区数百亿元投资无法收回，所有的辉煌瞬间化作梦幻。
doc27159-4|null|null|后来看标志508，大众新迈腾，别克新君威，标志508法式浪漫，外形很多认说优雅好看，但我着实不喜欢圆润的造型，半保留。
doc27178-1|null|null|我们在三方面犯了错误：经销网络、媒体关系和品质问题。
doc27178-2|null|null|“过去我们片面地追求数量和规模的扩张，忽视品牌质量的提升。
doc27290-2|null|null|后座上isofix接口或者latch接口都没有配，车身固定和安全带固定座椅，安全系数用脚指头想想都会不一样的。
doc27292-1|null|null|新车将与通用的赛欧竞争更低端市场间接降低自己品牌价值
doc27343-2|null|null|奥迪的玻璃这么脆弱…………
doc27343-3|null|null|贴膜检查前发现，新车玻璃已被弹开了花。
doc27370-1|null|null|13亿中国人抵制日货，可能导致日本家电及汽车厂商倒闭。
doc27392-1|null|null|政府大院里日本车最多，动不动就是高能耗的大型越野车，类似于丰田霸道等，即贵，又高耗油，高排放污染，购买和养护这些日本车，花的可都是人民的币。
doc27643-1|null|null|据说销往国内的比亚迪只需作十几项检查就可出厂，而销往国外的要作三十几项检查！
doc27740-1|null|null|是不是内饰还要加上蕾丝以前我做别克，专门为玫琳凯公司定做的粉色凯越，粉色君威呢，尤其粉色君威那个恶心啊，真的用文字描述不出来的
doc27766-2|null|null|对自主品牌来说，价格优势逐渐消失，提高产品竞争力迎合国人真实需求，迫在眉睫。
doc27864-1|null|null|前驱是怪胎。
doc27914-2|null|null|#车市罗盘#整整花了两天时间，原本想通览大众汽车集团前世今生的各种信息，没想到完了冰山一角。
doc27946-1|null|null|主要是那个服务差到死！
doc27946-2|null|null|只能说东莞卖车优惠幅度tmd少..
doc27946-3|null|null|并且服务质量最差死人服务员可以话g眼看人低的...
doc28129-1|null|null|其实奥迪的喇叭声没吉它动听！
doc28232-1|null|null|你车排放不达标
doc28246-1|null|null|起亚k2，倒车镜是手动的，麻痹后排窗居然也是手摇的！！！
doc28323-2|null|null|什么时候君华比亚迪能这么大手笔呢？
doc28336-1|null|null|是伐啦，丰田，本田，现在哪里销量和口碑比德国车和美国车好了，即使是雷克萨斯之类的高端品牌还是做不过奔驰宝马，安全性能兼职就是堪比拖拉机，节油经济更是渣滓中的渣子，什么样的人造什么样的车被这话赞的。。。
doc28392-1|null|null|奇瑞，比亚迪，吉利这些自主品牌尤其严重。
doc28403-1|null|null|蒙迪欧的增压发动机，加上福特翼虎的全焊接底盘，一个急刹后轮都会完全悬空，这么快的速度，不死人才是怪事
doc28417-1|null|null|真的吗丰田刹车制动系统不稳定，车身轻，安全性不高，如果出现意外，生命财务很难得到保证。
doc28441-2|null|null|车头丑暴了新揽胜的设计应该还是福特做的延续神行者的福特风格路虎真的全线路狗了
doc28447-1|null|null|新cr-v、新思域都是这样，在全新雅阁上更加明显，这个屁股真是毫无设计可言
doc28447-2|null|null|这个屁股确实难看至极本田今年的新车都一个德性，前脸好看，屁股超丑..............
doc28454-4|null|null|方向盘比较重，同日本丰田柴油suv最大的区别，感受trailbrazer油门很沉，踩下去，动力有点延时。
doc28522-1|null|null|只能说大众的品牌定位在中国是失败的
doc28536-1|null|null|crv在105国道狂追奥迪a7，无疑是一件傻b的事。
doc28538-1|null|null|淮海路，新天地附近就是豪车多啊，连着排几辆豪车，一辆兰博一辆阿斯顿马丁，前边还有一法拉利458，还有其他路边不谈了，顿时宝马奔驰奥迪失了光彩！！！
doc28618-1|null|null|实在不觉这车好看~今天在街上看见了辆灰色的，感觉就像是日军的钢盔和德军的尿壶~~这个价位如果不喜欢日本车的话，还是考虑mini或者雪铁龙的ds系列吧，要不然奔驰的b也可以~
doc28624-2|null|null|林肯的轿车mkz、mks，suv车型mkx、mkt、领航员，产品竞争力不足，传统4s店模式的巨大投入会让成本收回变得很漫长。
doc28681-1|null|null|想提高品牌美誉度不能靠这些，虽然k5不可控。
doc28775-1|null|null|我们家一群丰田拥护者，我就觉得rav4的样子有点过时了姐夫推荐起亚智跑和现代ix35，不建议买本田，那个新款屁股不好看
doc28869-2|null|null|本田真是油老虎等下我发一张
doc29007-1|null|null|我一直觉得这样下去，大众会像丰田一样走下神坛的。
doc29007-2|null|null|神马情况大众旗下的中高端品牌质量确实值得让人深思，烧机油，自燃，dsg变速箱报废等等一系列问题。
doc29072-1|null|null|电动车速度快又乱钻，其实很危险啊。
doc29147-1|null|null|丰田中的佼佼者卡罗拉，佳美，皇冠，这些年仿佛有点吃老本的感觉！
doc29147-3|null|null|今晚阅读了一篇解读当年在手机领域遥遥领先的诺基亚衰败历程，忽然对丰田品牌产生了强烈危机感。
doc29187-4|null|null|档杆就跟根钢筋棍似的，换档都要咔啦咔啦的！
doc29225-3|null|null|本田曾引以为豪的工程领先如今已不见踪影：老迈的2.4发动机急加速时显得粗鲁。
doc29287-2|null|null|半个鸟笼的设计很独特，但座位的格局有点太开放式，缺乏点隐私感…
doc29326-2|null|null|至于整车可靠性的问题，恐怕不只是新帕萨特，而是整个大众-奥迪车系都不得不正视的问题。
doc29511-2|null|null|我感觉是雅阁史上最丑的，此前八代应该说是代代给人惊喜，但是这款的话，前景不看好。
doc29655-1|null|null|永达福特维修技术太差。
doc29784-1|null|null|长安福特坑爹的很，一车两卖也做。
doc29784-2|null|null|所谓的4s店，什么服务质量，什么质量保证，哎！
doc29965-1|null|null|这么多单消息，从逍客到奇骏，对日产的安全性高度不信任。
doc29969-1|null|null|奔驰也是这么落后的的确，这个功能有点傻。
doc29980-1|null|null|别克通海的服务起来越差，真是忍无可忍了。
doc30003-1|null|null|今天做保养在八下里丰田再次感脚到了被无视的滋味，每次来做保养要么就是排队等半天被晾着没人管，今天算是极致了，进去跟三个接待说做保养，一个让我找其他人，另外两个顿了顿抬头看了我下反应都没，管自己继续聊天，哥真是无语了，既然你们都那么忙不待见我，我还是跑去其他4s店吧，再也不来了
doc30354-1|null|null|估计销量不行，才采取的极端手段要真打起来了，真是怎么死得都不知道~~
doc30452-3|null|null|md明天去砸三菱4s店去md，谁以后说望子成龙我就拉黑他。
doc30571-1|null|null|好眼力啊我真是交友不慎比起吉利、比亚迪、奇瑞来，差远了。
doc30575-2|null|null|日本车真脆弱啊！
doc30575-3|null|null|本田后备箱迅速折叠起来，标致前机箱盖也冒烟了。
doc30680-1|null|null|就舒适性帕萨特和迈腾还没资格拿天籁开唰，悬挂座椅柔软日产都是强手，何况还有家居化的理念总，别拿天籁来比，那么烂的车！
doc30809-3|null|null|粉色奥迪曾是我的最爱，但是超级不适用，后排恐怕只能坐小朋友这个车队一万
doc30860-1|null|null|我以前在长安福特的时候累死累活挣不到几个钱，自从离开长安福特，嘿，腰不酸了，腿不疼了，上楼也有劲儿了，关键是试用期1w2，转正翻翻哦，大家都来吧，亲！！！！
doc30877-1|null|null|失望原来起亚k5真的是一辆中看不中用的车主打的是外形而不是性能好不容易在20万左右的车里面挑出好看的可惜性能不行
doc30888-1|null|null|从一汽、上海大众，福特4s店归来，重新整理了行情和感受，新朗逸首选，新福和新速腾备选，crosspolo空间实在不感恭维，a0级小车还是太mini了，后排空间1米75的个子就触顶了。
doc31031-1|null|null|以前听说奥迪保养贵，没想到这么贵！
doc31031-2|null|null|今天奥迪a6l去做保养，机油三滤+清洗节气门，花掉3217块，好贵啊！
doc31075-1|null|null|今天严重堵车的时候看到这样的一个女司机开着一辆我们都认为性能还不错的奥迪a4，我想了半天也不知道她怎么开翻的''尤其在严重堵车的情况下''还在一个禁止左转的路口''十分不理解''只能证明我们国家现在的马路杀手越来越多''培训驾驶员机制看来还需改善啊''晕倒
doc31086-2|null|null|连车架都能拽出来。
doc31098-1|null|null|今天去广汽丰田ssss第一店''直接遭到无视''首先我检讨是不是自己衣冠不整''毫不怀疑其服务态度''丝看车伤不起我在:
doc31215-1|null|null|马自达日产本田丰田什么的怎么感觉很不靠谱。。
doc31321-1|null|null|只是也太坑爹了吧，比国产的分量少那么多还每瓶8.8元，就多了个带回家的玻璃瓶。
doc31578-1|null|null|想买奥迪的朋友请看过来，奥迪售后确实差，跟宝马奔驰没法比。
doc31585-1|null|null|不想当小说家的食品老板决不是好司机蒙a牌子好眼力啊我真是交友不慎比起吉利、比亚迪、奇瑞来，差远了。
doc31586-1|null|null|近日有报道称，因中日关系紧张，日产汽车在中国市场的销量受到影响。
doc31587-1|null|null|鬼子车后期费用还真不便宜，快赶上宝马了。
doc31587-2|null|null|价格1051，看了配件表，斯博睿才700多，crv800多，思域刚调的价格，无非低端车上大挣保养钱。
doc31800-3|null|null|这样，与主要竞争对手国产宝马x1相比，价格门槛更低、低端车型直线加速性更好，将成为国产奥迪q3的制胜卖点。
doc31968-1|null|null|东风日产经销商库存压力明显减小，但东风本田、广汽本田、一汽丰田和广汽丰田经销商的库存依旧消化缓慢。
doc32024-1|null|null|如果奥迪a5不那么烧机油，如果宝马5系的保养成本不那么高，如果捷报xf空间再大点，如果奔驰e级的屁股不那么翘，如果英菲尼迪不是日本车。。。。
doc32194-1|null|null|刚刚买的奥迪a6品牌值得信赖，但是位于湖里的奥迪经销商无德。
doc32419-1|null|null|讨厌东风本田！
doc32488-1|null|null|最恶心就国家队，自主看好吉利早已多年不看国家队甭吹牛逼，有能耐不抄日本人，不恬着脸要日本人技术。
doc32514-1|null|null|suv市场目前不是你的，是要去抢的，现在你的营销比本田，丰田和上海大众强吗？
doc32514-2|null|null|把负责销售的总监撤了吧福特因削减成本关闭欧洲几家工厂，唯中国加大产能，推翼虎suv、新款蒙迪欧。
doc32744-1|null|null|奇瑞的人才流动太大，销售层面、技术层面无一例外。
doc32744-2|null|null|留住人才，奇瑞从政策、执行到企业内部与人才的合作氛围，并不突出。
doc32801-1|null|null|他还借口说，国产车质量差，德国车太贵买不起！
doc33025-1|null|null|改到后来车尾还是那么难看！
doc33025-2|null|null|几年前就没看好奇瑞的冒进政策，现在醒也许还来的及，学学吉利和长城。
doc33317-2|null|null|美中不足的是根据目前得到的消息这辆车是双离合的。
doc34370-1|null|null|难怪怎么看这假丰田都不顺眼，苏f01r96，这种无耻无赖无节操无底线的人渣就该po上来曝光！！
doc34615-3|null|null|交通如此多焦，引无数大款上公交。
doc35033-1|null|null|既速腾，迈腾后，大众推出新车蛋疼…
doc35221-1|null|null|这个真的要注意，年终岁末盗窃高发，尤其是本田车系，防盗功能不敢恭维，我是中过招的人啊，伤不起啊。
doc35230-1|null|null|参观人数并不多，无论规模还是档次，配不上“国际”的标准，老王卖瓜罢了。
doc38146-1|null|null|不要把奥拓当奥迪用就行了。
doc38391-1|null|null|这奥迪车烧机油不是盖的啊！
doc39017-2|null|null|继3.0t级别之后，宝马又一次被奥迪秒杀奥迪新s8、宝马alpinab7豪华轿跑对比测试
doc40495-1|null|null|设计能力哪去了请问？
doc40495-2|null|null|诸位有没有发现大众从辉腾到帕萨特到迈腾，再到速腾、宝来、捷达和朗逸以及新桑塔纳，那个外形是越来越趋同。
doc40807-1|null|null|吉利吉利，三年报废。
doc41008-1|null|null|新帕萨特，新迈腾，新速腾，新朗逸，新宝来，明天晚上是新桑塔纳，大众车子都变一个外形了，设计师真省事啊。
doc42084-1|null|null|本田思域2012年2.0版，电池第三次发生没电问题，早上一天都好好的。
doc42390-1|null|null|新上市的seatleon几乎是和大众gti如出一辙，但是销量可以说是相当惨。
doc43899-1|null|null|大众跟肯德基一样，越来越没有底线了！
doc43920-1|null|null|感觉byd、长城都单一。
doc43961-2|null|null|惜奥迪a6，慢如蜗牛。
doc44192-1|null|null|减重对辉腾来说是非常必要的，因为辉腾是这个级别里最重的，不符合节能减排理念
doc44761-1|null|null|这材质保养太费劲了!
doc44832-1|null|null|话说我最不喜欢的红旗
doc44851-1|null|null|美车不及日德
doc44853-1|null|null|不太稀饭别克!
doc44881-2|null|null|绝对比宝马实惠!
doc44883-1|null|null|怪不得我不喜欢奥迪a6
doc44929-2|null|null|我现在贼讨厌宝马
doc44962-1|null|null|我不喜欢奥迪a4。
doc44995-1|null|null|偶也不喜欢丰田其实我不大喜欢奥迪。。
doc45008-1|null|null|对比几种越野车大众途锐奥迪q系列还有保时捷的卡宴做得太圆润了相对来说更喜欢梅赛德斯ml宝马x以及路虎的风格线条不要设计的太柔顺越野要有越野像
doc45183-1|null|null|奥迪略平庸。
doc45204-1|null|null|而奥迪a3在中国的售价可以买两部这样的车。
doc45248-3|null|null|我觉得奥迪的操控好让人难受...
doc45276-2|null|null|引擎自动熄火和重启的顿挫感比宝马1系列差一些。
doc45280-1|null|null|(ft)我说我怎么从来不喜欢奥迪呢。
doc45286-1|null|null|还有大众的车太死板不太喜欢
doc45321-1|null|null|维护挺贵的…
doc45321-2|null|null|奥迪喜欢烧机油…
doc45321-4|null|null|奔驰的保养费用老高了…
doc45321-5|null|null|而且国产的质量不见得好一点…
doc45380-1|null|null|我不喜欢tt的外形…
doc45381-1|null|null|我为什么不喜欢前驱车?
doc45384-3|null|null|之前开过一段时间s8只能用一般般形容
doc45393-3|null|null|给q5配的这轮毂比国产的丐版还难看#奥迪科技日-e创未来都市生活#用#ipad2#拍摄的奥迪体育公园试驾现场停放着的的e-tron。
doc45402-1|null|null|奥迪脑子被枪打过了
doc45410-2|null|null|我不喜欢跑车!
doc45438-2|null|null|我只能说a7比a8难看多了
doc45454-1|null|null|奥迪旧车故障率太高了
doc45464-1|null|null|我一点都不喜欢本田!
doc45477-1|null|null|奥迪坐起来一点都不舒服
doc45496-3|null|null|不喜欢宝马奔驰…
doc45498-1|null|null|但其实却失去了一些操控及安全性
doc45528-1|null|null|好纠结啊买a4还是325选不好啊奥迪么烧机油那么厉害宝马么本人不太喜欢大家给个意见
doc45537-1|null|null|我不喜欢马自达!
doc45540-3|null|null|没有办法不喜欢奔驰了!
doc45791-1|null|null|粉红配在奥迪上好弱智。
doc45828-1|null|null|奔驰你好慢啊!
doc46047-1|null|null|悍马不好看!
doc46082-1|null|null|为什么奥迪宝马后面都那幺小
doc46119-1|null|null|沃尔沃表示处境很尴尬
doc46165-3|null|null|缺陷目前感觉a柱视觉不太好
doc46219-1|null|null|虽然我不喜欢比亚迪
doc46261-1|null|null|感觉这个车不符合中国国情
doc46273-2|null|null|奥迪a3就是屎
doc46275-1|null|null|真不怎么喜欢雪弗兰这个品牌
doc46353-1|null|null|韩国车连韩国人自己都说是山寨车呢
doc46377-1|null|null|想买台30万左右的suv森林人的外观不喜欢rav4的4速变速箱很无语途观的加价和性价比很无奈现在考虑bmwx1或是等奥迪q3国产这两款如何呢?
doc46417-2|null|null|浅色内饰丑丑丑!!!
doc46442-1|null|null|就是外形不够帅气。
doc46460-2|null|null|缺点就是内部空间小
doc46469-1|null|null|330i不敞篷时外观真心不喜欢
doc46481-1|null|null|我就一直不怎么喜欢奥迪车!
doc46484-1|null|null|不买奥迪
doc46558-1|null|null|我也不太喜欢大众
doc46591-1|null|null|大户还是奥迪靠谱准备入手a4了不喜欢宝马嗯
doc46603-2|null|null|不喜欢桑塔纳夏利…
doc46616-2|null|null|难看的运动屁股有木有!
doc46619-1|null|null|现代安防性能太差
doc46625-1|null|null|大下雨天的打车回家路上堵车司机不送了只得自己走回家尼玛一辆奥迪停在前面问要不要送啊姐鸟都没鸟就走了那车看起来好难看不是姐喜欢的车型估计值不了多少钱。
doc46634-1|null|null|路虎一下变成qq了!
doc46645-1|null|null|二、前大灯越改越小气;
doc46645-4|null|null|不喜欢奥迪的原因:一、拿千篇一律当卖点;
doc46665-1|null|null|虽然我不喜欢奥迪!
doc46681-1|null|null|性价比太差!
doc46681-2|null|null|但q3定价有些高了!
doc46788-1|null|null|大众果然是恶霸!
doc46850-1|null|null|那车屁股不好看……
doc46869-1|null|null|不过那头部空间太坑爹了
doc46880-1|null|null|美国最权威的杂志《消费者报告》每年都把奥迪评为世界上质量最差、可靠性最差的车之一
doc46904-1|null|null|奥迪实在不够吸引若有兰博基尼则自动升为众妃之首
doc46909-1|null|null|我恨奥迪
doc46909-2|null|null|我恨沃尔沃
doc46937-1|null|null|我更不喜欢拖拉机
doc46943-1|null|null|噪音比奥迪大一些;
doc46956-1|null|null|可是a6的空间不会太小吗?
doc46965-2|null|null|丰田去死奔驰不喜欢奥迪
doc47014-1|null|null|大众就是喜欢用这个鬼地方!
doc47024-2|null|null|把你们的油耗在降低点
doc47087-1|null|null|#微博曝光台#]广汽丰田真坑!
doc47095-1|null|null|不是很喜欢后半部分~奥迪q3能否像q5一样奇货可居呢?
doc47109-1|null|null|合适合适~~嘿嘿我不喜欢奥迪
doc47122-1|null|null|4、价格不菲。
doc47122-3|null|null|3、座椅不舒服。
doc47130-1|null|null|#NAME?
doc47142-2|null|null|英菲尼迪和马自达貌似最霸气肿么没有奥迪的啦!
doc47145-1|null|null|貌似我现在最不喜欢奔驰
doc47160-1|null|null|价格还是有点贵。
doc47174-1|null|null|a6l我不喜欢
doc47195-1|null|null|比奔驰奥迪都要好…
doc47312-1|null|null|奥迪卖车的选配内饰太死板了。。
doc47321-1|null|null|神马奥迪、宝马、跑车都素浮云!
doc47339-2|null|null|可是奔驰公司真心的抠啊!
doc47341-1|null|null|奥迪小改款q5也是个改得很纠结的东西
doc47353-2|null|null|我这么喜欢的奥迪居然也有看起来这么不舒服的时候……
doc47361-1|null|null|以至于#a4l2.0t#的实际#提车价格#已经可以pk他大哥#a6l2.0t#了
doc47368-2|null|null|奥迪tt这类的小众车型其实保值率很低
doc47381-2|null|null|是不是进途观的时候会卡住啤酒肚?
doc47391-1|null|null|有个烂雷诺!
doc47408-2|null|null|q5跟x6根本不是一个等级的车。
doc47409-1|null|null|坐进去驾驭感不足
doc47421-1|null|null|虽然奥迪有数不清的缺点
doc47425-3|null|null|去死吧~tt没那么霸气、还是喜欢a8l!
doc47445-1|null|null|最后订了奥迪q5、好多人说烧机油
doc47460-2|null|null|反而宝马的外型不够大气~承你贵言!
doc47501-1|null|null|不要奥迪
doc47503-1|null|null|我讨厌宝马!
doc47503-2|null|null|我买不起保时捷哇!
doc47508-1|null|null|宝马坐着不舒服;
doc47532-2|null|null|大众有些车安全性也不行……
doc47542-1|null|null|奥迪烧机油不算缺点?
doc47587-1|null|null|还有路虎的发动机有点那个啥!
doc47602-1|null|null|电镀奥迪r8反光厉害容易追尾!!
doc47627-1|null|null|当初特想买s60这破车居然还自称安全系数高!
doc47633-1|null|null|这个玻璃颜色不喜欢看起来不是很符合奥迪的品质
doc47640-2|null|null|本来超级不喜欢那个怪模怪样的车
doc47666-1|null|null|q5太大了。
doc47678-1|null|null|适合开奥迪只能买起马自达。
doc47679-1|null|null|这价格宝马3系足够秒杀a4了!
doc47786-1|null|null|总觉得新a6的前大灯不如老款霸气
doc47825-1|null|null|宝马真的过敏!
doc47847-1|null|null|比奔驰宝马还贵!
doc47847-2|null|null|奥迪保养成本高~先想好喽!
doc47849-1|null|null|油价把奥迪逼急了
doc47865-2|null|null|但保养周期a4就没优势了5000一保。
doc47874-1|null|null|为毛我一看见奥迪的内饰就恶心……
doc47918-6|null|null|原地打方向盘很重没有奥迪一贯的轻盈!
doc47941-3|null|null|比开奥迪之类的大众脸好多了!
doc48060-2|null|null|买的时候连车的性能都还没有看
doc48073-1|null|null|你比奔驰还名贵
doc48073-2|null|null|新换的保险杠就这个质量?
doc48084-3|null|null|和低端的c180一样了!
doc48084-4|null|null|这e系现在的设计师是宝马或者奥迪的卧底吧!?
doc48135-2|null|null|奥迪算个鸟+1/奥迪算个鸟
doc48140-2|null|null|却欠缺舒适!
doc48194-1|null|null|整车的噪音还是比较大的
doc48212-1|null|null|我觉得新的a6l和a8l缺少霸气!
doc48218-4|null|null|相比较而言迈腾(虽然空间大的离谱)也不够好……
doc48233-1|null|null|还有整个通用的suv市场也是短板!
doc48269-1|null|null|和奔驰宝马还是有品牌差距的
doc48278-1|null|null|垃圾的服务…
doc48278-2|null|null|漳州奥迪盈众致远的服务态度真的是不敢恭维…
doc48309-1|null|null|奔驰的保养价格很致命啊
doc48314-1|null|null|1、奥迪a41.8t发动机不如2.0原来不一定带t就好哦。
doc48327-1|null|null|宝马后期保养太坑爹配件一般情况是不会到位的
doc48327-2|null|null|奥迪那让人蛋疼的轮毂18寸15幅轮毂也太小气了吧敢不敢大气一点啊
doc48344-1|null|null|但是奥迪你tm也无耻了!
doc48366-1|null|null|但座椅舒适度不足。
doc48402-1|null|null|看看奔驰仁浮的服务，奔驰的服务我真觉得比奇瑞差---南方都市报：花新车价钱淘来“二手货”-赶在限牌前，市民张先生买了一辆奔驰轿车。
doc48436-1|null|null|而且奥迪国内定价不厚道…
doc48443-1|null|null|强烈表示对s350无兴趣。
doc48460-1|null|null|我对奥迪已经失去信心了
doc48460-2|null|null|怎么有这样不负责任的售后
doc48461-1|null|null|不同的就是帕萨特太多气管了!
doc48483-1|null|null|奥迪比大众车还不厚道。
doc48503-1|null|null|奥迪不给力啊!
