20161102104819 |2|13|变速器有了同步器后，有效地避免了齿轮的撞击，大为简化了换档操作,,,,,,,,,,,,,,,,,,,,,,,,,,,,,,,,,,,,,,,,,,,,,,,,,,,,,,,,,,,
20161102104819 |2|14|现在，不管是加档还是减档，换挡时不必再用传统的两脚离合法而普遍使用一脚离合法（这不应理解为是对两脚离合法合理性的否定），这在相当大的程度上解决了换挡时的困难,,,,,,,,,,,,,,,,,,,,,,,,,,,,,,,,,,,,,,,,,,,,,,,,,,,,,,,,,,,
20161102104819 |2|34|不仅如此，换挡时如操作（施力大小、换入时机）得当，还会产生类似换挡杆被自动吸入到位的感觉，这对驾驶者来说，不啻为一种“快意”,,,,,,,,,,,,,,,,,,,,,,,,,,,,,,,,,,,,,,,,,,,,,,,,,,,,,,,,,,,
20161102104819 |9|153|前几天和朋友看了“经典荣耀未来——沁聆时光”CROWN皇冠视觉音乐，本以为这种汽车音乐会就是给车打广告的时间，谈不上什么音乐性，艺术性，但没想到音乐的品质跟那种专业的不相上下，加上现场大屏幕播放的影像，倒是跟主题很吻合&not;——视觉音乐，着实另人惊讶，感叹于皇冠的品位,,,,,,,,,,,,,,,,,,,,,,,,,,,,,,,,,,,,,,,,,,,,,,,,,,,,,,,,,,,
20161102104819 |25|225|而新奥德赛的车头也一改老款的优雅低调，棱角分明的硬朗笔触雕刻出更趋前卫而概念化的前脸,,,,,,,,,,,,,,,,,,,,,,,,,,,,,,,,,,,,,,,,,,,,,,,,,,,,,,,,,,,
20161102104819 |25|228|而新奥德赛的斜角四边形尾灯硬朗的造型减少了尾部的臃肿，尤其是顺着尾灯底边延长的切线增添了几许锋利，两道细条反光板也向左右两侧移动，圆形的双出排气管维持原状,,,,,,,,,,,,,,,,,,,,,,,,,,,,,,,,,,,,,,,,,,,,,,,,,,,,,,,,,,,
20161102104819 |30|262|令我最大跌眼镜的就是全新索兰托居然配备了全景天窗，大家都知道一般全景天窗可是只有高端车中才能看到的哦，价格只有22.98~26.78性价比还是挺高的,,,,,,,,,,,,,,,,,,,,,,,,,,,,,,,,,,,,,,,,,,,,,,,,,,,,,,,,,,,
20161102104819 |30|263|全景天窗的好处就是可以给驾驶员带来的超乎想象的驾驶乐趣，不仅增强了车内自然光线的投入，还提升了驾驶区域的空间感，最爽的就是抬头欣赏天空美景，这可不是每辆车都能享受到的哦,,,,,,,,,,,,,,,,,,,,,,,,,,,,,,,,,,,,,,,,,,,,,,,,,,,,,,,,,,,
20161102104819 |35|270|个人觉得沃尔沃XC60是部很好的车，加上这个价格，性价比很高，科技感很强,,,,,,,,,,,,,,,,,,,,,,,,,,,,,,,,,,,,,,,,,,,,,,,,,,,,,,,,,,,
20161102104819 |49|311|但是音质比原车的好了很多哦,,,,,,,,,,,,,,,,,,,,,,,,,,,,,,,,,,,,,,,,,,,,,,,,,,,,,,,,,,,
20161102104819 |88|564|当然如果你一意选择前行，后果也并不严重，因为途安的密封性相当不错,,,,,,,,,,,,,,,,,,,,,,,,,,,,,,,,,,,,,,,,,,,,,,,,,,,,,,,,,,,
20161102104819 |89|571|在车内空间上，新奥德赛继续发扬本田的MM理念，大大改善了后座的乘坐空间,,,,,,,,,,,,,,,,,,,,,,,,,,,,,,,,,,,,,,,,,,,,,,,,,,,,,,,,,,,
20161102104819 |89|573|而且新奥德赛还装备了全新的ECON节油系统，在燃油经济性上也会有很好的表现,,,,,,,,,,,,,,,,,,,,,,,,,,,,,,,,,,,,,,,,,,,,,,,,,,,,,,,,,,,
20161102104819 |133|693|呵呵，我也有个朋友一年多前就买了部MDX，打电话问了，说也挺好,,,,,,,,,,,,,,,,,,,,,,,,,,,,,,,,,,,,,,,,,,,,,,,,,,,,,,,,,,,
20161102104819 |133|696|看了又看，坐了又坐，摸了又摸，感觉日系的内饰真皮还是比较舒服的，这点不假,,,,,,,,,,,,,,,,,,,,,,,,,,,,,,,,,,,,,,,,,,,,,,,,,,,,,,,,,,,
20161102104819 |133|697|空间也很大，本来就是和X5,XC90同级的设计的,,,,,,,,,,,,,,,,,,,,,,,,,,,,,,,,,,,,,,,,,,,,,,,,,,,,,,,,,,
20161102104819 |133|701|我故意过些比较不平的地方试下底盘和避震，有点在意料之中，本田的高端产品，还是属于很有实力派的,,,,,,,,,,,,,,,,,,,,,,,,,,,,,,,,,,,,,,,,,,,,,,,,,,,,,,,,,,,
20161102104819 |133|708|我说，和我之前开的Q73.6差不多感觉，底盘工夫还不错的,,,,,,,,,,,,,,,,,,,,,,,,,,,,,,,,,,,,,,,,,,,,,,,,,,,,,,,,,,,
20161102104819 |133|709|小试几圈品位了了一下之后，总结出还是部比较优秀的车的，低速时动力提生也不弱，各方面的平衡也做到似乎恰到好处,,,,,,,,,,,,,,,,,,,,,,,,,,,,,,,,,,,,,,,,,,,,,,,,,,,,,,,,,,,
20161102104819 |133|721|动力更加好很多，过弯倾斜也非常小，当时我还记得一试，便非常惊讶原来XC60也那么地出色,,,,,,,,,,,,,,,,,,,,,,,,,,,,,,,,,,,,,,,,,,,,,,,,,,,,,,,,,,,
20161102104819 |165|833|1.6AT,6月19日提车价格10.4万送倒车雷达，底盘装甲，车膜，双向防盗报警器，挡泥板，脚垫，开了20多天，感觉不错动力可以，噪音也没有很好，油耗10个左右，城市总塞车辽宁，大连,,,,,,,,,,,,,,,,,,,,,,,,,,,,,,,,,,,,,,,,,,,,,,,,,,,,,,,,,,
20161102104819 |193|966|两辆车的外观都足够大气，作为商务车够面子,,,,,,,,,,,,,,,,,,,,,,,,,,,,,,,,,,,,,,,,,,,,,,,,,,,,,,,,,,,
20161102104819 |210|1039|DVD碟，听的音质还可以，音乐声音调的不高，一般喜欢听一些山歌,,,,,,,,,,,,,,,,,,,,,,,,,,,,,,,,,,,,,,,,,,,,,,,,,,,,,,,,,,,
20161102104819 |217|1103|5、虚拟6碟盒CD功能,超大内存，可储存200多首曲目；操作方便，可在播放CD过程中一键保存曲目；具有断电续录功能，在存储录制CD音乐中断时，可在下次开机时继续录制;无需更换碟片，轻松方便；播放音乐时，DVD机芯不需工作，减轻DVD机芯负担,延长整机使用寿命;6、图示化数值显示，泊车更精准、更直观；前后精准测距，使泊车进退自如；融合第二代智能轨迹倒车系统，倒车更安全、更舒心;7、主机操控所有iPod播放功能；全中文显示，操作更直观；单级菜单操作界面，操作便捷；8、国际专业BBE音效处理，增强汽车音响的临场感；增强声音润色效果，音乐更动听；9、可接收CMMB、DVB-T、DMB-TH等标准的数字移动电视节目，全触摸控制数字电视功能（选配）；CMMB可支持加密接收；10、进入DVD状态后5—6秒的快速播放碟片，操作更快捷；一般产品进入DVD状态后等待时间不少于12秒；11、1路AV输入，1路AV输出；12、收音天线、外接功放、手刹、来电静音控制；13、全功能红外遥控操作；14、可将U盘中喜爱的图片剪截下来，设置为开机画面,,,,,,,,,,,,,,,,,,,,,,,,,,,,,,,,,,,,,,,,,,,,,,,,,,,,,,,,,
20161102104819 |232|1217|很是不错，省油，毛病少，省心，曾经带着我南下北上,,,,,,,,,,,,,,,,,,,,,,,,,,,,,,,,,,,,,,,,,,,,,,,,,,,,,,,,,,,
20161102104819 |252|1278|上图，看看皇冠车的几款颜色（从它网站上弄来的效果图，和实际颜色有可能会有色差）黑色，稳重大气，商务车的首选,,,,,,,,,,,,,,,,,,,,,,,,,,,,,,,,,,,,,,,,,,,,,,,,,,,,,,,,,,,
20161102104819 |252|1281|这个颜色我认为不错，既显得正式又很高雅,,,,,,,,,,,,,,,,,,,,,,,,,,,,,,,,,,,,,,,,,,,,,,,,,,,,,,,,,,,
20161102104819 |252|1286|深蓝云母色，这颜色我看过实车，感觉还是不错的，比效果图好，很心仪,,,,,,,,,,,,,,,,,,,,,,,,,,,,,,,,,,,,,,,,,,,,,,,,,,,,,,,,,,,
20161102104819 |265|1414|我看了今天上海出的新别克君越怎么还是老一套呀，发动机跟变速箱应该要换代呀，怎么不跟上奥迪，宝马这些用先进的发动机跟变速箱了，难道大众没有能力造好的汽车出来吗，去跟其他厂家品牌的汽车拼价格了，不掉脸吗,,,,,,,,,,,,,,,,,,,,,,,,,,,,,,,,,,,,,,,,,,,,,,,,,,,,,,,,,,,
20161102104819 |274|1452|转动钥匙发动这部最大功率287KW的机械怪兽让人热血沸腾，4.2升V8机械增压发动机所带来的震撼力可真不是盖的，感觉有使不完的力气,,,,,,,,,,,,,,,,,,,,,,,,,,,,,,,,,,,,,,,,,,,,,,,,,,,,,,,,,,,
20161102104819 |276|1462|???我对目前皇冠车的这套音响系统感到满意，因为它完全能满足我对音乐的追求和享受????平常见到许多朋友总是喜欢拿改造音响为乐趣，心里却想“何必啊，又不是音乐家有必要把好好的东西给换掉吗,,,,,,,,,,,,,,,,,,,,,,,,,,,,,,,,,,,,,,,,,,,,,,,,,,,,,,,,,,,
20161102104819 |276|1471|它要求兼顾人声和器乐的结合都很平均，所以曲线的波动不是很大的,,,,,,,,,,,,,,,,,,,,,,,,,,,,,,,,,,,,,,,,,,,,,,,,,,,,,,,,,,,
20161102104819 |276|1473|它提升了3-5kHz部分，增强临场感,,,,,,,,,,,,,,,,,,,,,,,,,,,,,,,,,,,,,,,,,,,,,,,,,,,,,,,,,,,
20161102104819 |276|1477|它的高低两端提升很大，低音让音乐强劲有力，节奏感很强，高音部分清晰甚至刺耳,,,,,,,,,,,,,,,,,,,,,,,,,,,,,,,,,,,,,,,,,,,,,,,,,,,,,,,,,,,
20161102104819 |276|1478|????????超低音：20Hz-40Hz，适当时声音强而有力,,,,,,,,,,,,,,,,,,,,,,,,,,,,,,,,,,,,,,,,,,,,,,,,,,,,,,,,,,,
20161102104819 |276|1482|适当时，低音张弛得宜，声音丰满柔和，不足时声音单薄，150Hz，过度提升时会使声音发闷，明亮度下降，鼻音增强,,,,,,,,,,,,,,,,,,,,,,,,,,,,,,,,,,,,,,,,,,,,,,,,,,,,,,,,,,,
20161102104819 |276|1485|中音：500Hz-2KHz，包含大多数乐器的低次谐波和泛音，是小军鼓和打击乐器的特征音,,,,,,,,,,,,,,,,,,,,,,,,,,,,,,,,,,,,,,,,,,,,,,,,,,,,,,,,,,,
20161102104819 |276|1489|不足时声音的穿透力下降，过强时会掩蔽语言音节的识别,,,,,,,,,,,,,,,,,,,,,,,,,,,,,,,,,,,,,,,,,,,,,,,,,,,,,,,,,,,
20161102104819 |276|1494|??????1.20Hz--60Hz部分这一段提升能给音乐强有力的感觉，给人很响的感觉，如雷声,,,,,,,,,,,,,,,,,,,,,,,,,,,,,,,,,,,,,,,,,,,,,,,,,,,,,,,,,,,
20161102104819 |276|1495|是音乐中强劲有力的感觉,,,,,,,,,,,,,,,,,,,,,,,,,,,,,,,,,,,,,,,,,,,,,,,,,,,,,,,,,,,
20161102104819 |285|1566|专业配制的防冻液不但耐低温，耐高温的特性也特别好,,,,,,,,,,,,,,,,,,,,,,,,,,,,,,,,,,,,,,,,,,,,,,,,,,,,,,,,,,,
20161102104819 |286|1572|09皇冠就是不一样,大气,,,,,,,,,,,,,,,,,,,,,,,,,,,,,,,,,,,,,,,,,,,,,,,,,,,,,,,,,,
20161102104819 |345|1830|车子绝对稳定性，安全性指数提高很多~~估计是最实用的简单改装了,,,,,,,,,,,,,,,,,,,,,,,,,,,,,,,,,,,,,,,,,,,,,,,,,,,,,,,,,,,
20161102104819 |424|2166|开了两天，途胜比我想象的要好得多,,,,,,,,,,,,,,,,,,,,,,,,,,,,,,,,,,,,,,,,,,,,,,,,,,,,,,,,,,,
20161102104819 |435|2192|在欧洲和美洲等地皮卡深受人们的喜爱，皮卡也被成为（旅行拖车或活动房屋），这种车在长途旅行中会让人逐渐兴起，因为他们提供了便利的生活空间和齐备的生活装置，几乎就是个浓缩的“公寓”,,,,,,,,,,,,,,,,,,,,,,,,,,,,,,,,,,,,,,,,,,,,,,,,,,,,,,,,,,,
20161102104819 |435|2198|坦途采用了钢板弹簧后悬挂，这种设置常为皮卡使用，半时四驱对于皮卡来讲更加使用，跑长途时采用两驱，越野时采用四驱对于节省油耗有着明显的帮助,,,,,,,,,,,,,,,,,,,,,,,,,,,,,,,,,,,,,,,,,,,,,,,,,,,,,,,,,,,
20161102104819 |435|2200|当你启动坦途时，发动机油门响应非常灵敏，变速箱采用手自一体5速变速箱，高档运转时，本以为会出现很大的噪音，可是发动机的安逸甚至会叫人忘记你驾驶的是一辆V84.7L车型,,,,,,,,,,,,,,,,,,,,,,,,,,,,,,,,,,,,,,,,,,,,,,,,,,,,,,,,,,,
20161102104819 |435|2203|后排座椅非常舒适，椅背的倾斜度适中，腿部空间也很大，长途旅行时后排的乘客不会感到疲惫感在一段公路的试驾时，坦途的方向盘给人留下很深的印象，灵敏的转向、清晰的路感对于驾驶者的回馈都是轿车的感觉，很难相信在驾驶一辆5.8米长的皮卡，当定速巡航开启时跑高速对于坦途来讲显得非常轻松,,,,,,,,,,,,,,,,,,,,,,,,,,,,,,,,,,,,,,,,,,,,,,,,,,,,,,,,,,,
20161102104819 |435|2204|坦途的悬挂调教的也叫人信心满满，高速过弯没有出现由于中心过高而产生的侧倾，在过颠簸路面时，无论是前排还是后排都体现出很好的熟悉性，过滤的相当到位,,,,,,,,,,,,,,,,,,,,,,,,,,,,,,,,,,,,,,,,,,,,,,,,,,,,,,,,,,,
20161102104819 |476|2366|WindBooster根据不同的变速箱进行调教，可以让换档更平滑，有效减少频繁换档导致的冲击,,,,,,,,,,,,,,,,,,,,,,,,,,,,,,,,,,,,,,,,,,,,,,,,,,,,,,,,,,,
20161102104819 |515|2572|DD已经伴随我走过2000公里了，怎么说呢：外观很满意，我的是贵族红，颜色很正，回头率不小,,,,,,,,,,,,,,,,,,,,,,,,,,,,,,,,,,,,,,,,,,,,,,,,,,,,,,,,,,,
20161102104819 |517|2596|2.7升V6发动机的表现也丝毫不比日系车差，运转的安静度、平顺性都不错,,,,,,,,,,,,,,,,,,,,,,,,,,,,,,,,,,,,,,,,,,,,,,,,,,,,,,,,,,,
20161102104819 |517|2600|09款新胜达的悬挂调校更适合公路行驶，大轮圈、悬挂调校比较紧支撑有力行驶起来轻松自如、侧倾不明显,,,,,,,,,,,,,,,,,,,,,,,,,,,,,,,,,,,,,,,,,,,,,,,,,,,,,,,,,,,
20161102104819 |547|2879|不到30万的售价、不错的配置让它成为进口现代汽车中最畅销的车型之一,,,,,,,,,,,,,,,,,,,,,,,,,,,,,,,,,,,,,,,,,,,,,,,,,,,,,,,,,,,
20161102104819 |547|2880|新胜达的外形总能让我联想到一款北美版的日产SUV，不过不管怎样新胜达的外形还算可以，没有某些韩国车那种狰狞怪异的亢奋表情，比较国际化一些，甚至可以用温文尔雅来形容,,,,,,,,,,,,,,,,,,,,,,,,,,,,,,,,,,,,,,,,,,,,,,,,,,,,,,,,,,,
20161102104819 |547|2881|新胜达的外形饱满、滑润，显示出一份流畅的温和，只有距离近了它大号的车身、翻着白眼的大灯、、等等才会让你感觉到一份高傲与愤怒，09款新胜达只是在08款的基础上增加了DVD影音系统（我们这款车商家自己升级到带导航功能）、倒车雷达、带转向灯可折叠的外后视镜,,,,,,,,,,,,,,,,,,,,,,,,,,,,,,,,,,,,,,,,,,,,,,,,,,,,,,,,,,,
20161102104819 |564|2963|应该讲这款发动机，刚才说的排放，除了油耗低之外，排放也是可以达到欧5，是德国非常好的公司打造的一款柴油发动机,,,,,,,,,,,,,,,,,,,,,,,,,,,,,,,,,,,,,,,,,,,,,,,,,,,,,,,,,,,
20161102104819 |564|2974|实际上风行菱智做到了舒适的同时，还做到了低油耗,,,,,,,,,,,,,,,,,,,,,,,,,,,,,,,,,,,,,,,,,,,,,,,,,,,,,,,,,,,
20161102104819 |620|3390|2.7升V6发动机的表现也丝毫不比日系车差，运转的安静度、平顺性都不错,,,,,,,,,,,,,,,,,,,,,,,,,,,,,,,,,,,,,,,,,,,,,,,,,,,,,,,,,,,
20161102104819 |626|3426|相较老款车型四速手自一体变速器的使用，全新一代变速器无论在挡位设定以及由此获及的良好驾驶感受上，明显具有脱胎换骨的进化表现，而这也是现代汽车继劳恩斯高端车型系列后，首次将6速变速箱应用于旗下车型上,,,,,,,,,,,,,,,,,,,,,,,,,,,,,,,,,,,,,,,,,,,,,,,,,,,,,,,,,,,
20161102104819 |697|3726|首先来本人22，觉得新君越，款式大气，有些跑的风格，比较适合年轻人，我当天试的是新君越的顶级版3.0，配置高，做工的确比之前的要好哦，中控台很有吸引力，前排座椅有按摩，觉得也很好，后排乘坐感觉舒服，有后排娱乐，后排扶手功能强大，与皇冠3.0有比,,,,,,,,,,,,,,,,,,,,,,,,,,,,,,,,,,,,,,,,,,,,,,,,,,,,,,,,,,,
20161102104819 |772|4543|新胜达作为韩系SUV的典范，大气的车身、澎湃的动力、精致的桃木内饰和7座的实用座椅设计等，在上市之初给了SUV市场一个不小的震撼,,,,,,,,,,,,,,,,,,,,,,,,,,,,,,,,,,,,,,,,,,,,,,,,,,,,,,,,,,,
20161102104819 |825|4765|高速的稳定性比我预想的要强，在110以下，感觉抓地力还是可以的，在掌控之内,,,,,,,,,,,,,,,,,,,,,,,,,,,,,,,,,,,,,,,,,,,,,,,,,,,,,,,,,,,
20161102104819 |947|5448|我用的是凯立德地图，对导航，我对他的指引方向是最爱的，但里面有些小功能也是我常用的，例如；模拟导航，我会事先看一下路程，再开，要是发现路程不对，我会再模拟一下，另外里面的周边信息，我常用到加油站，停车场，还有汽车维修点查询,,,,,,,,,,,,,,,,,,,,,,,,,,,,,,,,,,,,,,,,,,,,,,,,,,,,,,,,,,,
20161102104819 |947|5453|还有就是蓝牙了这个功能一般是我一个人开车的时候才会开，这样，我可以不用拿电话，声音也够清楚，对方声音整个通过汽车音响放出来，声音可调大小,,,,,,,,,,,,,,,,,,,,,,,,,,,,,,,,,,,,,,,,,,,,,,,,,,,,,,,,,,,
20161102104819 |990|5782|回过头看新胜达两道长长的刹车印笔直，除了在开始猛拐时外，其余痕迹均表现出新胜达的刹车同样十分优秀，四轮大尺寸碟刹功不可没,,,,,,,,,,,,,,,,,,,,,,,,,,,,,,,,,,,,,,,,,,,,,,,,,,,,,,,,,,,
20161102104819 |996|5871|说实话，整体感觉，皇冠就是一辆豪华的四轮摩托,,,,,,,,,,,,,,,,,,,,,,,,,,,,,,,,,,,,,,,,,,,,,,,,,,,,,,,,,,,
20161102105319|10|48|使用以后感觉不错
20161102105319|38|131|而途安实用、低调、非常富有内涵，哈哈，就认准他了，车实在
20161102105319|70|227|相同排量六缸与四缸最大区别是发动机的性能六缸优于四缸，在运行时的平顺性上能得到体现
20161102105319|70|228|2、油耗比较：10款DD采用四缸、六速变速箱，油耗肯定比09款要低，车子使用要考虑今后的日常使用成本，更何况目前呈直线上升趋势的油价，这是车主必须要考虑因素之一
20161102105319|77|256|MPV的功能性十分强大，多采用7座设计，内部空间充足，舒适性很有保证
20161102105319|77|260|刚上市不久的全新奥德赛在外形比老款又有不少改进，整体风格更加时尚也更具前卫感，而且可供选择的颜色也很多
20161102105319|77|261|全新设计的前脸极富个性，宽大的镀铬中网和锐利的前大灯在视觉上十分抢眼
20161102105319|77|262|广州本田奥德赛车身侧面线条更为丰富、棱角也更加分明，侧影修长利落而精干
20161102105319|77|265|广州本田奥德赛内饰方面奥德赛显出年轻、动感、时尚的气息，数字仪表盘科技味道很浓
20161102105319|77|266|与老款相比，新奥德赛在整体布局上没有太大的不同，只是在细节处理方面更加合理和人性化
20161102105319|77|267|仪表盘采用了与()[综述图片论坛]类似的设计，木纹装饰条颜色变得更浅，挡把的设计更短更粗，手感要比原来的好很多
20161102105319|77|268|广州本田奥德赛内饰增配是新奥德赛的一大特征，40G的HDD硬盘、导航、倒车影像、一键启动等，新奥德赛一应俱全
20161102105319|77|271|对于这款7座MPV来说，第二排座椅的空间相当宽敞，而第三排座椅也不含糊
20161102105319|77|272|人员的出门通过本田的精心设计也很方便，不会因为座位多而受到限制
20161102105319|77|275|新奥德赛的隔音效果非常出色，舒适性也很有保障
20161102105319|143|587|辅助储能器件是充电电池，用来平滑动力输出，因为是辅助，所以并不需要太大容量
20161102105319|143|594|高效的原因有3点，一是因为EEBS可以高效回收制动能量，而且效率和充电时间绝对远远超过充电电池的混合动力技术
20161102105319|143|598|二是无须换档，动力平顺，再次提高能量利用效率
20161102105319|143|599|三.本身无机械传动装置，无发动机制动，车重很轻，阻力大大减少
20161102105319|143|626|),即可享受随时电机加速的迅猛动力及无级变速以及十分经济的油耗
20161102105319|175|816|1964年，进口到中国，以其豪华、大气的形象，成为高级车的代名词
20161102105319|175|820|汽车销售有限公司总经理松木秀明相比现款车型，全新车身长、宽均全面提升，使外型设计更具存在感
20161102105319|175|821|车身尺寸的增加，也使车内空间更加宽敞，特别是前后座椅的间距超越了同级别车型
20161102105319|177|841|每当穿梭在大街小巷，惊艳的外形也使它成为长沙街头一道无与伦比的风景线
20161102105319|189|901|在众多MPV产品中，技术领先，品质优良的广汽奥德赛一直受到消费者的欢迎，其销量也是呈稳步上升之势
20161102105319|272|1249|后排的显示频很好用
20161102105319|272|1442|蓝牙?的麦~车开了2个月总的来说:感觉还是相当的不错
20161102105319|272|1443|特别是发动机的静音和隔音都是相当不错的
20161102105319|297|1554|屁股看上去不错内饰简洁大方和老款一样，仪表更时尚
20161102105319|303|1569|操作感和驾驶乐趣比较丰富
20161102105319|303|1570|安全性方面，虽然没有装备ESP电子行车稳定系统，但途安在极为苛刻的欧洲NCAP碰撞测试中获得了五颗星的成绩，安全性给人相当有信心
20161102105319|303|1573|舒适性方面，途安做得比较到位，长时间乘坐不会让人产生不舒服的感觉
20161102105319|329|1664|外观改的很漂亮
20161102105319|365|1811|内饰秒粗，仪表灯不错，我喜欢
20161102105319|372|1846|虽然车的外观设计一直是各花入各眼众口都难调的问题，但是如果说XC60是这个级别中最性感最时尚也最大胆的车，相信不会有太多的人反对
20161102105319|372|1851|具有精确的干湿地操控，低噪音，极佳的防水漂能力和卓越的湾道性能，将操控与舒适综合一身
20161102105319|372|1869|拉开车门，内饰依然是沃尔沃典型的北欧简约风格，和宜家的东西有相似的感觉
20161102105319|372|1875|这是沃尔沃的盲点信息系统，它通过集成在两侧外后视镜下方摄像机监视车流情况，为驾驶员的并线工作起到了很大的帮助，最起码在北京的路面很有用处
20161102105319|372|1876|?XC60的动力确实如数据反映的一样，提速很快动力很充沛
20161102105319|372|1880|转向也很灵活，方向盘手感也不错
20161102105319|374|1966|1.本田的安全性能毋庸置疑
20161102105319|374|1967|尤其是密封性能绝好
20161102105319|481|2477|今天刚刚试驾了一次ODS.感觉不错，起步并没有拖沓的感觉，噪音不大，很好开
20161102105319|481|2479|空间不错，第三排座两个成年男子没有问题
20161102105319|485|2503|一坐上BORA，感觉真的很象自己的车，座位，空间，特别是方向盘，又小又厚，手感一模一样
20161102105319|485|2504|动力还一点也不输给318i，车架也很好，是德国车血统的好感觉，不讨论什么价钱，什么车厂利润，我觉得这车真的很好玩，用26万的价钱有这种性能本人觉得值
20161102105319|537|2807|原装的大视野带转向指示灯，晚上转向很明朗，很漂亮
20161102105319|671|3580|结合了SUV的越野与功能性、房车的操控与舒适，以及MPV宽敞多变的车室空间，与市面上单一族群为主的竞争对手相比，竞争力十足
20161102105319|671|3581|Tucson的外观风格展现轻快、活力、都市以及前卫，带有欧洲色彩的设计方式，与现今潮流相符
20161102105319|671|3582|再加上粗犷的线条，一股强悍越野能量自然而然的从钣件线条中散发出来
20161102105319|671|3583|此外，车身尺寸不因为追求宽敞的车室空间而过度庞大，对于在拥挤的都市环境来说，恰到好处的大小更贴近驾驶人
20161102105319|671|3584|内部空间亦十分宽敞，后座位置也颇为舒适，感觉不到拥挤不堪的尴尬
20161102105319|671|3589|遇到极端恶劣的路面状况，更可以锁定在前后动力50：50的四轮传动模式，帮助驾驶脱困
20161102105319|671|3593|CUV的出现，不论是外观或内在，实用性、操控性、玩乐性、方便性等各方面，都更加符合现今消费者的需求
20161102105319|676|3612|日产轩逸：空间大，舒适性好
20161102105319|676|3615|日产天籁：性价比很高，空间很大
20161102105319|757|3982|好开省油，非常喜欢
20161102105319|762|4053|但像奔驰、宝马这样的高档车和目前一汽大众、上海大众的很多款汽车，在出厂时本身就有很完善的底盘防护措施
20161102105319|813|4361|另外，皇冠也采用了纵置发动机，这就是说，它同样有匹配更好前悬的空间，同时由于后驱的设计，就更容易实现前后50：50的重力分配
20161102105819|3|14|?优点1.外观：展厅是辆银色的车，外形感觉还是挺不错的，比较时尚，钣金做工也很不错
20161102105819|3|23|总体觉IX35的价格和配置相对性价比还是挺高的，但其内饰材质做工对于要求比较高的人，可能会觉得难以支撑这个性价比?途观也去顺表去看了下优点:内饰做工非常不错，而且全景天窗非常大，天窗遮阳隔板也是全电动,后排很宽敞缺点;天窗遮阳隔板很薄，就一层三明治布，避光度不是非常好
20161102105819|22|267|今天去看了宝马X5，就是黑内饰配马鞍棕的座椅，超有感觉
20161102105819|22|269|?另，人家宝马4S店的MM可真是要个头有个头要长相有长相啊，顶级品牌果然不是盖的
20161102105819|49|583|相比目前在市场上销售的途胜，ix35在车内空间、动力系统两方面有了一定程度的升级
20161102105819|100|765|第一个感觉就是舒服
20161102105819|135|975|内饰的做工不错，挺有档次的
20161102105819|135|976|我最喜欢的地方是全景天窗、两个大圆筒的仪表盘跟那宽大的座椅
20161102105819|135|977|（本人身材有些腐败还请见谅）后排空间也很宽敞，来3个重量级的也没问题
20161102105819|144|990|????3月25日入手安安1.8T自动5座，10天行驶750KM，越开越喜欢，底盘硬朗，行车自感扎实稳健，动力确实杠杠的
20161102105819|169|1182|通过一根音频端子线，接通MP3等移动音频设备，即可在车载音响中收听,这是一项实用而且成本不高的配置，受到不少年轻人的喜爱
20161102105819|169|1197|多功能方向盘的优点是驾驶员不需要有太大的动作，就可以控制车内很多功能，不仅方便了不少，更可以使驾驶员集中注意力观察前方路况，大大提高了行车时的安全系数
20161102105819|169|1202|　　车主谢小姐：遥控开启后备箱是我换新车两年以来感受到的最大便利之处
20161102105819|169|1203|每当我大包小包的从超市购物出来后，还得先开车门再去车内开启后备箱，十分的麻烦，有了遥控钥匙，这一切困难都迎刃而解了
20161102105819|169|1216|　　定速巡航系统????这个功能现在在家用车上是非常常见的配置，经常跑长途的朋友们可能都体会得到它的好处，把车速开到合适的速度后，开启定速巡航功能，松开油门，可以放松驾驶者的右腿
20161102105819|169|1254|防擦条大多为硬塑料材料，颜色为黑色，全车的防擦条均安装在车身的最外沿，发生轻微刮蹭后可以适当掩盖伤痕，是一项很实用的配置
20161102105819|186|1307|?驾驶室前面的座椅都是带扶手的，这个不错赞一下（我已经买了日产帅客，它是不带的）?驾驶室，挂档设计非常不错，挂档也很清楚
20161102105819|190|1318|还有就是车的环保不错，新车除了牛皮味，没有其他的
20161102105819|226|1576|虽然途安车型作为出租车投放使用较普通桑塔纳2000等车型相比，舒适性和空间上都有优势
20161102105819|226|1580|真皮座椅，较高的车身和开阔的视野，更为宽敞的车内空间，公众可以享受到同计价却不同乘坐享受的新车型作为出行工具
20161102105819|226|1586|全车采用灰色内饰，车门、地毯和行李厢地毯等采用PVC材料，耐脏而且方便清洗，确保车内保持整洁
20161102105819|226|1587|座椅还特别采用新型材质，能大大减少出租车座椅套的清洗频率，不仅经济而且环保，符合国家节能减排的政策导向
20161102105819|227|1598|不过去郊外时，开了天窗时的感受是非一般的好，也就是说，Q5的天窗是超大了
20161102105819|227|1603|操控灵敏，作为一辆SAV，她的操控比一般车要好
20161102105819|236|1640|感觉油门很轻，响应很及时，加速的确不错
20161102105819|342|2176|　　更值得强调的是，进口是全天候，简单说来，就是无论城市，还是山地越野都能畅通无阻
20161102105819|361|2412|1，外形不错（个人眼光了，很喜欢那种前脸凶霸霸的感觉，全身线条比较有力量感）2，天窗是亮点，虽然遮阳帘是手动的，但是前窗能够开启，尺寸够大，用起来比较舒服了
20161102105819|361|2413|3，座椅坐上去比较舒服，手感也不错
20161102105819|361|2414|4，后排座椅空间够用，轴距虽然比途观少了4厘米，但是坐上去不会感觉局促（顺便说一下途观的后来座椅设计太短了，加长8厘米本身就是个失策）
20161102105819|361|2417|7，后车门设计的比较人性化，开门角度也够大，使用方便
20161102105819|373|2520|唯一的亮点是天窗确实光线很好
20161102105819|373|2522|方向盘手感不错样子也挺时尚的
20161102105819|404|2670|坐上去试了试，感觉空间不错，尤其后排比CRV要大一些，全景天窗感觉很爽
20161102105819|410|2698|总体感觉这车不错
20161102105819|444|2832|换挡平顺性相当的好
20161102105819|444|2838|视野还是比较不错的
20161102105819|444|2839|坐在车厢里也比较踏实
20161102105819|528|3329|~~~从侧面看整体的车身，欧系车型的感觉很强，看着压根跟途胜一点关系都没有
20161102105819|528|3331|全景天窗还是比较少见的，提升了不少驾驶的舒适感觉~~~?上深下浅的双色的中控台显得比较前卫，在搭配了少量的银色饰条，显得十分的醒目
20161102105819|528|3333|前排的座垫很宽大，再大的屁股坐着感觉也会特别的舒适
20161102105819|572|3668|8?喜欢达达外观大气，眉毛长在下面的有神的双眼
20161102105819|686|4201|接着下车打开后备厢，平整，比TIGUAN的大
20161102105819|686|4202|最后一项，查看底盘防护，有一块钢板，这个挺好
20161102105819|784|4758|空间紧凑但还算宽敞，我身高1.83无论前后排空间都够用
20161102105819|975|5933|ix35在外观及内饰的设计上是该车的最大亮点，个人非常喜欢
20161102110319|27|114|优点：手感，做工均不错
20161102110319|219|1547|运转的平稳和精确性也可以与6缸动力单元的高标准相提并论，2个平衡轴则确保了随时随地的平稳运转
20161102110319|238|1794|踏板安上后和整车合为一体，非常美观
20161102110319|271|2076|出色的操纵稳定性跟弯道行驶性为途安赢得MPV操控王的美誉
20161102110319|271|2077|动力强劲，输出稳定强大的“内芯”是操控乐趣的首要基础，没有强劲动力和稳定输出，汽车就毫无操控快感可言
20161102110319|271|2078|在动力方面，途安新一代提供了1.8T涡轮增压和2.0L自然吸气两款发动机供选择
20161102110319|271|2079|2.0L?发动机的表现可以用“丝般顺滑”来形容，最大功率85千瓦，扭矩在4000转/分时就达到了最大的170牛/米，低速扭矩相当充沛，加速超车很灵活，在城市交通中可谓施展自如，而到了郊外则更显其生龙活虎的本色
20161102110319|271|2082|底盘扎实，悬挂适中底盘、悬挂的表现也对车辆操控性起着决定性作用
20161102110319|271|2084|途安前悬挂采用麦弗逊式独立悬挂，其结构紧凑，有效地增大了驾驶舱的空间，配以高承载能力的刚性副车架，极好得兼顾了驾驶的平顺性和舒适性，并同时以橡胶绝缘材料与车身相连，从而降低了底盘的噪声和振动，即使路面千变万化，车轮循迹性和贴地性仍然十分出色
20161102110319|271|2088|途安的悬挂和转向系统配合默契，表现出优异的减震能力和良好的侧向支撑，不管大弯还是小弯，途安都能极其顺畅地出弯，多连杆悬架让车身始终保持平稳的姿态
20161102110319|271|2089|弯路行驶中途安前轮的循迹性十分清晰，减震也十分出色，路面的细碎不平被吸收得很彻底，即使经过大坑洼也不会觉得车身颤动
20161102110319|416|2886|富有雕塑感的设计和X型跑车元素，视觉冲击力强，时尚、动感、引领潮流的气质浑然天成
20161102110319|416|2890|两款车的座椅有很大不同，但都非常舒适，有多个电子调节功能
20161102110319|416|2892|值得一提的是，ix35内部很时尚，简洁而大气
20161102110319|416|2894|ix35提供了可选的触摸屏导航和音响控制，显示屏清晰大方
20161102110319|416|2900|两款车的后座都可以折叠放倒，以便创造一个更为宽敞的地面空间
20161102110319|504|3358|刚到手3天，感觉还不错
20161102110319|504|3359|没别的说得，买了就喜欢
20161102110319|516|3460|看到车子，感觉挺大方，喜欢
20161102110319|516|3462|总体来说不错，2.4的排量，提速也很快
20161102110319|655|4396|今天试了一下手档，其实就跟手排挡是一样的，只是少了离合器，更容易换挡
20161102110319|655|4398|操作很容易：自动挡不论在什么时速档位，排挡杆左靠，往上（+）加档，往下(-)减档位，就这么简单，但跟自动排挡真是两码事，动力强劲,很自如的，大家试试
20161102110319|668|4508|???????????2.自动巡航系统我特别喜欢用，我感觉用巡航系统加速特别快，而且ECO灯总是亮着，可以说是省油模式
20161102110319|668|4510|???????????3.车的稳定性很好，没有感觉发飘得现象，方向的指向也特别准确
20161102110319|682|4545|?综合一天的行驶，感受如下：1.2.4动力的确很好，稍加大油门，推背感十足
20161102110319|682|4547|3.全自动空调制冷效果超强，一两分钟瞬间达到所需温度
20161102110319|682|4548|4.城市道路行驶路感不错，绝大部分时间感觉不到悬挂偏硬的感觉
20161102110319|682|4552|车窗关闭后隔音效果很好，只剩7个喇叭的美妙音乐了
20161102110319|682|4553|个人感觉音响效果很不错
20161102110319|721|4743|???目前已经跑了将近2000公里，整体感觉不错
20161102110319|823|5399|我的金刚开空调一会能冻死人?温度调最低，风量调最大?四个风口?全冒白气了，太爽了
20161102110319|915|6208|劳恩斯的内饰是深色的皮革颜色配合黑色的内饰主颜色，要成熟些
20161102110319|915|6220|加上劳恩斯的隔音效果很好，关上车窗几乎可以达到静谧的感觉
20161102110319|915|6223|多连杆式独立悬挂能做高性能调校和匹配，提高了车辆的舒适性和操控性
20161102110319|915|6224|搭配6速手自一体变速器，在我们小区那种笔直的路上，劳恩斯的操控反应非常迅速，轻便灵活，加速性能很好
20161102110319|965|6457|ix35空间宽敞舒适，内饰设计未来感十足
20161102110319|965|6458|同时，ix35还装备了全景天窗系统，并配备防眩目后视镜带倒车影像、智能钥匙&一键启动系统等高科技设备，为消费者提供了媲美高级轿车的驾乘舒适性
20161102110319|975|6565|车身刚度大，底盘稳定，操控好，车内空间大，尤其是头部空间，确实比50好很多，好在我家人身高不高，这点对我意义不大，后备箱超大，后座放倒，后备箱电源，儿童座椅，储物空间多，伴我回家、一键车窗等功能设计人性化，座椅虽然不是真皮的，但是舒适度很好
20161102110319|975|6566|行车电脑很强大，也很精确，应该是最准的之一了
20161102110319|975|6578|福瑞迪的全黑内饰很有品位，很运动
20161102110319|975|6600|同时车内的储物空间很多，各种小东西都能找到合适的位置，双层扶手箱、插卡槽、手机盒的设计很不错，值得表扬
20161102110319|975|6601|后备箱空间大，形状规整，能装下很多宝贝
20161102110319|975|6607|音响效果非常不错，比307、福瑞迪、卡罗拉都好很多，一般听听完全不用改装了
20161102110319|975|6608|小五的安全配置也不错，全系4气囊，5个安全带，儿童座椅接口，后座3个标准头枕（这些在很多同价位上的车上都被精简掉了），值得表扬
20161102110319|975|6610|高速很稳，弯道控制力很强，车身侧倾不大，对行车安全很有帮助
20161102110319|975|6638|总的说来，小五很适合家用，空间大，配置全，乘坐舒适
20161102110319|999|6778|???完美的大灯曲线设计曲线一直通到车尾很漂亮*—*??仰视一下看看两个大眼睛给人是不是很高贵的感觉*—*???最后一张谢谢观看下次再见啦*—*??*—*
20161102110819|6|20|?3，第二个推荐的十大汽车氙气灯牌子是海拉氙气灯，海拉是一个广为人知的国际品牌，在测试中表现出了相当的稳定性和光亮特性,启动1秒左右达到20%亮度，通电28秒功率输出和亮度趋向平稳，稳定后亮度达到3200-3400流明，其品牌、质量优势比较明显
20161102110819|47|292|进气格栅的面积很大，很有气势
20161102110819|62|382|日系车比较省油这个地球人都知道，奥德赛也不例外，另外奥德赛的空间真的很大，第二排放倒可以和第三排拼凑成一张床了
20161102110819|62|383|哈哈，这么宽敞的空间，像个小房间，实在有太多事可以做了
20161102110819|199|1318|油门感觉有点大
20161102110819|226|1645|既舒适又有操控性，空间又大，内饰又精细，所以销量很好，奥迪的品牌深入中国人的心理，这是大众公司做得最好的车型
20161102110819|242|1896|不过轮毂很漂亮、拉风
20161102110819|243|1908|如此一来，整个悬架系统更加扎实、稳固，行驶的稳定性更好，显著提升了驾乘的舒适性
20161102110819|243|1910|在内饰方面奔腾B50舒适型雨燕灰的内饰颜色的整体效果也更加美观、时尚，全面考虑到驾乘者在听觉和视觉方面的多重感受
20161102110819|269|2235|如题，据说逍客的舒适型不错，也很安静底盘也还可以，通过性很强
20161102110819|271|2248|3、?急转弯车身平衡较之前要好，侧甩感觉较小
20161102110819|342|2653|在尺寸方面，帝豪EX7长宽高分别为4544?1832?1671mm，比奇瑞瑞虎车型略大，与相当，轴距为2660mm，最小离地间隙172mm
20161102110819|342|2654|在内部空间上，EX7是同级唯一三排座设计，提供5+2承载能力，第三排折叠起来可以提供很大的储物空间
20161102110819|362|2946|好用，经济实惠的
20161102110819|375|3080|USB和IPOD很好，U盘和IPOD灌了很多歌曲，出去游玩一路都没有重样的
20161102110819|375|3081|倒车影像最实用，在后视镜上的位置真好，非常人性化
20161102110819|446|3440|）不过挺宽的，不错
20161102110819|544|3969|动力比现象中的好
20161102110819|544|3970|非常不错2
20161102110819|544|3971|刹车也不错3
20161102110819|544|3972|空间非常大4
20161102110819|594|4333|后门打开的状态后备箱空间很大，可以开到河边坐两人钓鱼哦
20161102110819|594|4334|后排间距合理，不宽裕第二个出场的是电光银色C30单开主驾门的样子----上车时尾部相当好看，开在路上，眼前一亮的感觉这造型相当有艺术美内饰，简洁，大方，座椅相当舒服，开长途不那么累后排空间有限，一般小孩坐，双门车上下不是很方便的白色轮毂超炫的，不是很耐脏，有点舍不得踩到路上去?火炎橙，漂亮，适合女孩子开白色S40很有白领风度像不像一对恋人在说悄悄话
20161102110819|769|5390|在尺寸方面，帝豪EX7长宽高分别为4544?1832?1671mm，比奇瑞瑞虎车型略大，与相当，轴距为2660mm，最小离地间隙172mm
20161102110819|769|5391|在内部空间上，EX7是同级唯一三排座设计，提供5+2承载能力，第三排折叠起来可以提供很大的储物空间
20161102110819|769|5392|在安全性能上，这款车同样配备GTSM吉利全方位安全管理系统，并有7安全气囊超高配置：前排双气囊、膝部气囊、侧气囊、前后侧气帘
20161102110819|930|6364|奔腾B50舒适型还运用全支撑座椅的设计概念，为驾乘者提供了舒适的乘坐感受，新的隔音降噪材料的使用有效地增强了车内私密空间的静谧性
20161102110819|930|6365|在内饰方面奔腾B50舒适型雨燕灰的内饰颜色的整体效果也更加美观、时尚，全面考虑到驾乘者在听觉和视觉方面的多重感受
20161102110819|930|6366|2011款奔腾B50舒适型在自身优化的同时，继续保持了奔腾B50一贯卓越的安全性能：科学的“3H”车身结构、高刚度车身、前排双安全气囊、预紧限力式安全带、ISOFIX儿童安全座椅固定装置、儿童锁、可溃式安全转向柱等一系列被动、主动安全配置，最大可能的做到安全防患始于未然
20161102110819|930|6368|2011款奔腾B50舒适型作为2011款奔腾B50中的重要一员，自然具备了2011款所具备的各种突出优势，可以说舒适型不仅继承了奔腾B50的卓越品质，还从安全、操控、人性化以及驾乘等多方面进一步提升了整车的配置级别，相比同级其他车型，甚至很多B级车来说，2011款奔腾B50舒适型都具备了更优异的性价比
20161102111319|45|236|这样的悬挂只有一种好处：在市区里行走的时候很轻盈，悬挂的感觉很软很舒适,,,,,,,,,,,,,,,,,,,,,,,,,,,,,,,,,,,,,,,,,,,,,,,,,,,,,,,,,,,
20161102111319|45|241|????????●科帕奇??????????????在科鲁兹上市之前，雪佛兰的车型一直以来给人的感觉就是没什么特点，销量和口碑也是中规中距，但却有一款进口车型的口碑相当好，销量也不错，那就是科帕奇,,,,,,,,,,,,,,,,,,,,,,,,,,,,,,,,,,,,,,,,,,,,,,,,,,,,,,,,,,,
20161102111319|45|242|凭借着出色的外观设计，科帕奇是进口SUV中性价比很高的一款车型,,,,,,,,,,,,,,,,,,,,,,,,,,,,,,,,,,,,,,,,,,,,,,,,,,,,,,,,,,,
20161102111319|45|248|在SUV车型中，它的强度远胜于上面的双连杆；而在舒适性上，又比纯正越野车的整体桥式有了明显的优势，所以主流的城市型SUV包括RAV4、CR-V、森林人使用的都是这种后悬挂类型,,,,,,,,,,,,,,,,,,,,,,,,,,,,,,,,,,,,,,,,,,,,,,,,,,,,,,,,,,,
20161102111319|45|252|说到越野能力，RAV4比CR-V强大最重要的证据就是使用了多片离合式的中央差速器，原理是需要四驱时，液压系统对摩擦片起作用，相邻两组的摩擦片紧紧挤压在一起，从而将差速器锁死，摩擦片的锁止能力要比CR-V粘性联轴节中的硅油高不少,,,,,,,,,,,,,,,,,,,,,,,,,,,,,,,,,,,,,,,,,,,,,,,,,,,,,,,,,,,
20161102111319|45|261|但抛开品牌的因素，指南者是一款很舒服、性价比较高的车型，相比其他吉普车型拥有更加轻盈、更加舒适的公路性能，了解了指南者的定位，你也就不会再对它有过多抱怨了,,,,,,,,,,,,,,,,,,,,,,,,,,,,,,,,,,,,,,,,,,,,,,,,,,,,,,,,,,,
20161102111319|45|271|???但是其实真正购买逍客的，大部分还是冲着它的舒适性、较高的视野和通过性，而对四驱的越野能力并不看重，此时逍客的后轮独立悬挂就非常有优势了，在城市中的舒适性和操控能力都很出色,,,,,,,,,,,,,,,,,,,,,,,,,,,,,,,,,,,,,,,,,,,,,,,,,,,,,,,,,,,
20161102111319|48|291|方向盘真轻，但跑快了，明显沉了许多，操控性感觉很好,,,,,,,,,,,,,,,,,,,,,,,,,,,,,,,,,,,,,,,,,,,,,,,,,,,,,,,,,,,
20161102111319|48|294|保养费用也比较少（这个是听说的）,,,,,,,,,,,,,,,,,,,,,,,,,,,,,,,,,,,,,,,,,,,,,,,,,,,,,,,,,,,
20161102111319|53|314|其动力方面，采用2.0LEcoBoost缸内直喷涡轮增压发动机，经过重新调教，其最大功率和扭矩相比欧版采用的那款机型都有提升,,,,,,,,,,,,,,,,,,,,,,,,,,,,,,,,,,,,,,,,,,,,,,,,,,,,,,,,,,,
20161102111319|72|554|三款SUV摆在一起，XC60比GLK大气，比卡宴秀气,,,,,,,,,,,,,,,,,,,,,,,,,,,,,,,,,,,,,,,,,,,,,,,,,,,,,,,,,,,
20161102111319|79|582|综合油耗7L左右，很是满意,,,,,,,,,,,,,,,,,,,,,,,,,,,,,,,,,,,,,,,,,,,,,,,,,,,,,,,,,,,
20161102111319|99|676|P版的音质好多了,,,,,,,,,,,,,,,,,,,,,,,,,,,,,,,,,,,,,,,,,,,,,,,,,,,,,,,,,,,
20161102111319|115|720|黄海旗胜V3，个人感觉，外观不比EX7差啊，够大气，有档次,,,,,,,,,,,,,,,,,,,,,,,,,,,,,,,,,,,,,,,,,,,,,,,,,,,,,,,,,,,
20161102111319|143|921|途观科技含量高，动力充沛，内饰很不错,,,,,,,,,,,,,,,,,,,,,,,,,,,,,,,,,,,,,,,,,,,,,,,,,,,,,,,,,,,
20161102111319|143|924|傲虎，操控性好，适用性强，油耗较低,,,,,,,,,,,,,,,,,,,,,,,,,,,,,,,,,,,,,,,,,,,,,,,,,,,,,,,,,,,
20161102111319|159|1000|总体来看，把“好看、好开、好省油”的口号表现得很不错，再加上其相对于合资同级的优势，所以吸引了很多消费者的目光,,,,,,,,,,,,,,,,,,,,,,,,,,,,,,,,,,,,,,,,,,,,,,,,,,,,,,,,,,,
20161102111319|176|1058|全新一代XTRONICCVT最大的技术亮点采用了子行星齿轮技术,,,,,,,,,,,,,,,,,,,,,,,,,,,,,,,,,,,,,,,,,,,,,,,,,,,,,,,,,,,
20161102111319|199|1113|不过这车底盘是真不错,,,,,,,,,,,,,,,,,,,,,,,,,,,,,,,,,,,,,,,,,,,,,,,,,,,,,,,,,,,
20161102111319|203|1180|空间以及外观非常满意，我做小本生意，偶尔载个客户，大多数时候家用，这也是我们家的第一辆车，一年来都是我一个人在开，我感觉很超值,,,,,,,,,,,,,,,,,,,,,,,,,,,,,,,,,,,,,,,,,,,,,,,,,,,,,,,,,,,
20161102111319|220|1234|喜欢智跑的外形,,,,,,,,,,,,,,,,,,,,,,,,,,,,,,,,,,,,,,,,,,,,,,,,,,,,,,,,,,,
20161102111319|279|1509|?至于它的售价，由于是一款小众车型，动力性能方面也非常不错，笔者预计这款车型的售价将会在13万以上,,,,,,,,,,,,,,,,,,,,,,,,,,,,,,,,,,,,,,,,,,,,,,,,,,,,,,,,,,,
20161102111319|393|2194|我也是经过朋友介绍才选的这个车，要不就买了悦翔了，就是觉得这车空间大，外观也大气，发动机性能稳定（三菱4G15S),,,,,,,,,,,,,,,,,,,,,,,,,,,,,,,,,,,,,,,,,,,,,,,,,,,,,,,,,,,
20161102111319|516|2915|当第一次看到丰田汽车的，又有机会乘坐过丰田汽车的时候,我的心灵受到极大震撼，进而非常喜欢,,,,,,,,,,,,,,,,,,,,,,,,,,,,,,,,,,,,,,,,,,,,,,,,,,,,,,,,,,
20161102111319|527|3199|最喜欢的是倒车影像功能，以前都还不习惯，现在才发现习惯了会真的很有用,,,,,,,,,,,,,,,,,,,,,,,,,,,,,,,,,,,,,,,,,,,,,,,,,,,,,,,,,,,
20161102111319|529|3222|首先CD比老途好很多，可以插SD卡和外接音源插口，比我这个2.0标配强很多，我的是后来TB另外买了个后面加USB线的CD,,,,,,,,,,,,,,,,,,,,,,,,,,,,,,,,,,,,,,,,,,,,,,,,,,,,,,,,,,,
20161102111319|529|3223|仪表盘个人感觉比老的漂亮，尤其打开小灯后的效果，很轻爽的感觉,,,,,,,,,,,,,,,,,,,,,,,,,,,,,,,,,,,,,,,,,,,,,,,,,,,,,,,,,,,
20161102111319|744|4712|???????3.5的排量够大，够威猛，但考虑城市用车，不知道油耗多少,,,,,,,,,,,,,,,,,,,,,,,,,,,,,,,,,,,,,,,,,,,,,,,,,,,,,,,,,,,
20161102111319|767|4965|整体感觉非常好，开的时候非常的安静，那些高科技的功能刚研究，还不是很会用，不过起步急加速时好像上一代的皇冠要弱一些，不废话了，上PP??VIP的PP来个整体的PP，我看好多皇冠车顶都没有天线，难道有天线是VIP的待遇,,,,,,,,,,,,,,,,,,,,,,,,,,,,,,,,,,,,,,,,,,,,,,,,,,,,,,,,,,,
20161102111319|767|4975|后排车窗遮阳帘，夏天挡太阳应该不错,,,,,,,,,,,,,,,,,,,,,,,,,,,,,,,,,,,,,,,,,,,,,,,,,,,,,,,,,,,
20161102111319|777|5066|前脸设计显得厚重而不失动感，车身线条流畅而饱满，后尾灯则采用了中华轿车的家族式的设计风格,,,,,,,,,,,,,,,,,,,,,,,,,,,,,,,,,,,,,,,,,,,,,,,,,,,,,,,,,,,
20161102111319|791|5135|瑞鹰外观还算很大气，底盘和机器也还行，更有越野车的安全和能力，最小离地间隙达207mm.但我还是喜欢帝豪ex7.接着等吧,,,,,,,,,,,,,,,,,,,,,,,,,,,,,,,,,,,,,,,,,,,,,,,,,,,,,,,,,,,
20161102111319|915|5650|在网上选车，看中了北京现代的瑞纳，感觉外形不错，价格也可以，1.4AT的9W09，还有3K补贴,,,,,,,,,,,,,,,,,,,,,,,,,,,,,,,,,,,,,,,,,,,,,,,,,,,,,,,,,,,
20161102111319|934|5848|那内饰太有诱惑性了，全真皮加桃木装饰，符合我的审美观,,,,,,,,,,,,,,,,,,,,,,,,,,,,,,,,,,,,,,,,,,,,,,,,,,,,,,,,,,,
20161102111819|8|151|?个人觉得这级别的车，传祺应该表现还蛮突出的，外观动感而大气，拥有“五位一体”的主动安全系统，导入先进的行人与儿童保护理念，这些都能给家庭安全带来更多可靠保证
20161102111819|8|154|这颜色好看
20161102111819|8|156|小可爱爬进去了，说这车好漂亮
20161102111819|31|228|作为一款动感而全能的紧凑型SUV，其完美融合了运动型轿车的车身设计、高效动力、灵敏操控以及SUV越野性能，这一系列“组合”都深受消费者青睐
20161102111819|156|1147|纳智捷SUV外观设计大气十足，应该说是符合国人的需求，整体造型难寻外国厂商车型的影子，没有任何模仿的痕迹
20161102111819|221|1787|2011款塔科马内部功能舒适、豪华
20161102111819|283|2271|另外就是安静，真的很安静，跑120的速度与老别克是没法比较的
20161102111819|283|2273|再有就是空间真的很大，座椅真的很舒服，过颠簸路面避震也很舒服~~~油耗的话也是根据驾驶习惯的，一直加的都是97#的中石化油，温柔点开也就11个多点，暴力开的话自然就多了，14，15个也有过
20161102111819|283|2285|非常喜欢车窗周围以及下面的银白色装饰条
20161102111819|283|2300|这个我也喜欢，太方便了顶配的有10个扬声器
20161102111819|308|2555|所以日本车真的是不错的
20161102111819|308|2558|日产的发动机是最优秀的，丰田的装配技术和管理是最好的，本田的外形设计及高科技研究是最出色的，比如他的机器人
20161102111819|308|2588|丰田车的设计是很成功的，对技术和科技的应用都无可挑剔
20161102111819|328|2719|跑跑这车提速特别的快，而且今天我在镇江的快速路上跑到160迈感觉跑跑好像没用力一样，感觉他有
20161102111819|331|2781|我购买的奔腾B50-2011款自动豪华型轿车百天了，共计行程近2000公里，总的感觉小5还是很强大滴，性能良好
20161102111819|331|2787|他试开了我的车，说性能比他的好，动力也比他的强，有推背感
20161102111819|331|2791|真是帅极了，酷哇，我很喜欢
20161102111819|507|3987|内饰不错，带黑色，耐脏
20161102111819|588|4477|其它感觉还真不错，油门反应快，刹车反应也快，感觉能人车合一，得心应手，里程跑得不多，到现在才5.3万公里
20161102111819|738|5535|大众CC凶悍的前脸，硬朗的线条，一切都是那么运动，而且大众CC也被誉为“史上来最美的大众汽车”，与孙悟空美猴王的称号相得益彰
20161102111819|738|5539|同样作为运动主打的福克斯，有着不俗的动力，有着青春靓丽的外观，而且极具改装潜质，稍加改造定会引来不少的回头率
20161102111819|788|5862|车尾部分相比现款车型差别较大，特别是C柱的倾斜角度更大，带来了一种更加优美的流线感
20161102111819|814|6019|手感挺不错的
20161102111819|828|6168|发动机才是和翼神高配一样的4B11，超好的发动机，省油无比
20161102111819|846|6334|外形，满分啊...我停在朋友的335i边上，比他帅太多了....哈哈哈，这个颜色还禁脏价位，只加了2000，还送了9000的保险，已经很满意了，去年至少都要加3万，还没现车
20161102111819|976|7270|外观方面，前脸看起来很时尚，五辐条的17英寸轮毂看起来很动感
20161102112319|20|268|首先大嘴造型通过六角形的修饰，变得更为犀利、动感，再配合并向外抛出的运动化前裙，显得更加内敛和庄重，给人感觉更多的是驾驶的欲望和
20161102112319|20|269|楔形大灯造型采用怒眉式设计，并在周围一圈日间行车灯的勾勒下，将其营造的尤为深邃、迷人
20161102112319|20|272|采用与车身同色的门把手与后视镜设计，精巧美观
20161102112319|20|274|的美观度大于其实用性，全新奥迪Q3深知这点，所以车顶配备的行李架已经完全为了美观而设计
20161102112319|20|275|全新奥迪Q3的尾部造型采用了更加倾斜的溜背式设计，再配合大幅度向后下潜的车顶曲线，赋予了其犹如般的动感态势
20161102112319|20|278|全新奥迪Q3的内饰采用家族特征设计，延续了时尚运动的路线
20161102112319|20|284|内饰颜色方面也极为丰富，除了我们看到的黑色内饰外，还会有灰色、米色以及棕色，并且会搭配多种材质的皮革面料，松木或亮银装饰条会在中间点缀
20161102112319|145|1160|新车到手几天了，最大的感受是居高临下，视野开阔，在车流中很是惬意
20161102112319|175|1288|新途安外观也应用了大众汽车集团最新设计理念(详情图片报价)，整体外观更加时尚靓丽，给人耳目一新之感
20161102112319|175|1289|新途安在保持稳重大气特点同时，增加了诸多时尚动感的设计元素
20161102112319|175|1290|大众风格的水平横拉式镀铬格栅配以钢琴黑饰框，简约时尚而大气；两侧延展向上而微翘的熏黑大灯，又蕴含着一种运动气质
20161102112319|230|1924|心想大众的车果然够沉，敦实
20161102112319|329|2683|这方向盘手感不错
20161102112319|329|2690|后门自带遮阳帘，家人很喜欢
20161102112319|819|5938|???4.开起来很稳，底盘很不错，控操很好
20161102112319|989|6885|很漂亮的Q3，出来后我就换车了一直关注中，现在是英朗1.6T的，我很喜欢
20161102112819|118|580|原因有一：空间真的很大，很实用，开惯了轿车感觉开商务车更舒适
20161102112819|138|673|平铺的地板为后排中间的乘客提供了更多的舒适性
20161102112819|138|674|此外前排座椅后面的网兜，进一步扩大了后排乘客的储物空间，非常人性化
20161102112819|138|675|从前排座椅设计来看它的包裹性和支撑性表现也很不错
20161102112819|247|1230|还好，车车给力，没有问题
20161102112819|262|1330|不过Q3在可选配置的品质和丰富性上还是领先于X1
20161102112819|265|1361|瑞典沃尔沃（VOLVO）又称“富豪”，其轿车一向被公认为是世界最安全的汽车之一
20161102112819|296|1731|实车在街上看过两次，确实很漂亮，但是这么近距离的把玩却是第一次
20161102112819|296|1732|宽敞的空间，丰富的配置，漂亮的外形，而且现在优惠的幅度也很大（估计可能是销量一直不是很好）2.0高配最后谈到191800.说实话这个价位从车的大小到配置两项考虑，还真没有能和它相比的
20161102112819|296|1778|简单总结：优点，外形漂亮，大小适中（对于我来说），驾驶感觉舒适，视野挺好，油耗低，各方面都令我比较满意
20161102112819|296|1781|所以实用简单大方实用就ＯＫ了
20161102112819|296|1783|?很喜欢的大嘴漂亮的PP翅膀全开，要飞翔了
20161102112819|296|1784|跑了300多公里?今不知道什么牌子的山寨导航.........?很舒服的四季坐垫??非常满意的脚垫，搭配黑色内饰很漂亮
20161102112819|296|1785|?手缝方向盘套，手感不错
20161102112819|296|1786|不知道好不好用的氧吧......后备箱垫也很满意，胶质很好
20161102112819|329|1927|????车我也看了好多，马自达5、大众途安、福特S-MAX和比亚迪M6等等，我为什么选择奥德赛，理由如下：?1.?????首先奥德赛符合我家用和商务的双重要求，奥德赛是一款家用和商务完美结合车型
20161102112819|329|1928|?2.?????选择奥德赛，也是出于日系汽车安全考虑，日系汽车在安全这方面做得还不错，再加上广本的售后服务也是值得肯定的，口碑不错
20161102112819|329|1931|?4.?????奥德赛的空间够大，而且舒适，是家庭聚会和外出游玩的好帮手
20161102112819|329|1933|?5.?????操控性很好，我开过朋友的雅阁，感觉奥德赛的操控和雅阁差不多，真的不错
20161102112819|334|1951|思来想去，还是智跑最好，于是定了台2.0P版的
20161102112819|372|2243|图片已删除锐界在仪表盘的设计与中控部分的配置可以说是全车的亮点之一，炫丽的风格也为略显平庸的内饰格局增添几分科技质感
20161102112819|402|2379|第三排，空间超乎你想象
20161102112819|402|2393|商务车或者家用的首选?????超赞的空间??夜间拍的部分大灯没有全打开
20161102112819|402|2398|哈哈这油耗，真给力
20161102112819|423|2573|?优点：外观大气，空间也大，乘坐舒适安静，ECO比较省油，悬挂在高速路面不平的时候还是表现的不错的，后遮阳帘挂D档自动升起，挂R倒档自动降下，挺人性化的，内饰做工不错，高速的时候平稳，不会漂浮
20161102112819|423|2630|挺好看的，很惹眼，块头很大，很饱满
20161102112819|423|2634|?一直很喜欢Panamera，很帅
20161102112819|434|2688|心里对奔驰的好感就更加深了
20161102112819|438|2705|这个按摩椅还不错坐
20161102112819|471|2887|小日本车销售很专业、很甜美、很性感、很有欲望
20161102112819|471|2899|智跑这车是真漂亮，几款车里哥最喜欢这车了，坐了一下，还行，坐姿挺高，比小3好（只能跟小3比了，家穷，没见识过别的车），内饰也挺漂亮
20161102112819|574|3754|自己挺喜欢这次改款的
20161102112819|574|3814|商务又不失霸气
20161102112819|574|3841|大爱，怎看怎顺眼
20161102112819|574|3878|这个，也是大爱
20161102112819|682|4396|爽
20161102112819|710|4568|又省了不少的银子，真是爽啊
20161102112819|710|4574|好看吧双排气口的感觉挺爽的小伙子再装前护板??由于当时下雨没有拍整车装饰后的整体效果，以后有时间在补上
20161102112819|774|4872|11、描胎可以增强迷你的动感与精致度，性价比最高的装饰行为
20161102112819|774|4891|29、迷你刹车磨合后很好用，新车不要埋怨刹车软
20161102112819|774|4926|63、座椅包真皮的作用有三点：面子，好擦洗，冬凉夏暖
20161102112819|779|5026|而且帮我们收拾撕下来的膜，态度真好
20161102112819|820|5241|他们的服务很好
20161102112819|820|5267|服务可是真好啊，托运之前检查了一天
20161102112819|820|5327|他们服务真好
20161102112819|851|5466|GX7的外形霸气稳重，更多地融入了全球鹰品牌自身的设计元素
20161102112819|851|5467|棱角分明的大灯和上下分割的进气口，个性鲜明，很有辨识度
20161102112819|851|5474|平铺的地板为后排中间的乘客提供了更多的舒适性
20161102112819|851|5475|此外前排座椅后面的网兜，进一步扩大了后排乘客的储物空间，非常人性化
20161102113819|45|258|总体，对智跑还是很喜欢的，很满意，提前祝各位跑友元旦快乐，家人健健康康，钞票大大地@_@
20161102113819|123|628|推荐指数★★★★14、防擦条不错，特别是那些手潮的新人们
20161102113819|123|632|推荐指数★★★★16、底盘装甲好的底盘装甲很适合车辆在受到一些小石子打击时候保护底盘
20161102113819|128|713|质量好的
20161102113819|131|732|2：油耗不错
20161102113819|131|735|以一年1.5万公里计算，节约油钱1000-2000元左右(视对比车型的油耗而定）3：空间不错
20161102113819|163|873|上班每天来回70公里，考虑省油和CVT的舒适性，阳光挺合适的
20161102113819|186|1039|阳光的后排腿部空间真的很大
20161102113819|200|1141|你还别说，开着开着就更喜欢这鸟车
20161102113819|215|1187|智跑试驾了一下，做工和驾驶感受都不错，综合来说比较合适
20161102113819|259|1427|?优点：1、?我选的是白色的，感觉比买的时候好看了，可能是习惯了，而且越来越好看，感觉多花这2000挺值
20161102113819|259|1429|3、?小毛病还挺少
20161102113819|270|1489|一套的酒红系列用品分段式方向盘套~~感觉很实用，原宝来开了8年，也就左上方位置有点磨损，所以真的不必套整个的，太粗，也不好看，现在握着有点开赛车的感觉~~近景，和系鞋带一样~~中控，很有层次感，也是我非常满意的地方
20161102113819|333|1999|销售服务很好（此处省略壹万字）
20161102113819|334|2006|第一、挡位操控性很好
20161102113819|334|2011|第四、车子很大气，配置很高，做工也行
20161102113819|334|2012|????????????????????????第五、油耗综合在8升左右（城中心很少跑），油耗很满意
20161102113819|344|2091|优点1：外形好、空间大、我一胖子朋友都说喜欢它的中控，空间出乎他的意外，感觉很宽敞，他也打算购买小三或者H6
20161102113819|344|2092|优点2：尾箱面积大、CD机音质不错，对于不是音乐发烧友来说绝对足够
20161102113819|344|2093|优点3：公司同事说这车容易开，容易上手、刹车好用、关门声音不错（个人感觉后门比前面声音更厚实）优点4：其他优点我不一一叙述了，论坛上面很多人都说了，油耗我没怎么算过，下次仔细算算
20161102113819|346|2109|09年买的车，到现在都感觉都挺好，本来想过买3系和C系的，但考虑到现在还是创业阶段，皇冠的维护成本比较低，还是买了皇冠，感觉当初的选择也没错
20161102113819|356|2154|????韩系的质量很不错，现代的车,质量稳定,可靠性高,毛病少，耐用，保养便宜，在对汽车品质要求最高的欧洲市场和美国市场，亚洲汽企中，2010年现代起亚在欧洲的销量力压丰田，位于第一，在美国市场，2011年1~8月亚洲汽企中现代起亚的销量仅次于丰田，位于第二，现代起亚汽车自2004年首次在J.D.Power调查中以优越的品质超越丰田和福特汽车以来，汽车质量和可靠性排名始终保持持续上升势头，在历次J.D.Power质量调查现代都名列前茅，在非豪华车品牌中都位于前三，2006年和2009年美国市场J.D.Power质量调查在非豪华车中现代质量第一，2010年美国市场J.D.Power质量调查在非豪华车中现代质量第三，这也是现代汽车自2008年以来连续第三年获得前三甲的名次，2011年J.D.Power“汽车耐久性调查”评比中，现代力压本田、福特、日产、大众等汽车主流品牌，在非豪华车品牌中排名第三，现代起亚汽车在J.D.Power公布的“2010年消费者服务满意度调查”中，第一次位居亚洲汽车品牌之首，并被美国《华尔街日报》评价为“现代起亚汽车以飞速发展的品质革新为依托，正在逐步成长为全球最佳汽车公司”
20161102113819|476|2755|???外观方面，GX7的外形霸气稳重，更多地融入了全球鹰品牌自身的设计元素
20161102113819|476|2761|从曝光的数据来看GX7的轴距在2660mm，车内空间表现不错
20161102113819|476|2763|而宽大的内饰空间也将是这款新车的卖点之一
20161102113819|518|2987|动力之源：θ-I发动机+6速手自一体变速箱最能展现ix35“SUV新境界”的是其出色的动力性能，这也是ix35的最大亮点之一
20161102113819|518|2997|值得一提的是，该变速箱质量轻、结构紧凑，而且摩擦损耗很低，北京现代的相关负责人表示，这台6速手自一体变速器在30万公里内不需要更换变速箱油，因此也有效降低了保养费用
20161102113819|518|3000|卓越的底盘技术使得ix35在高速过弯时的侧倾和车身抗扭转能力非常好
20161102113819|521|3034|经过试驾后，感觉动力和四驱转换都很好用
20161102113819|527|3057|看到路上行驶的SUV越来越多，立刻被他威猛的身材，良好的通过性，较大的空间所吸引，萌发出买SUV的念头
20161102113819|527|3061|重点说下我自己的感受，途观德国品牌，品牌度高，注重内在安全，内饰做工上乘
20161102113819|534|3094|PP太性感了，比现款好看N倍啊
20161102113819|542|3136|3、这款机型可以设置不同分辨率和角度，广角也可设置，效果也非常好
20161102113819|545|3154|在此前提下，内部空间的合理化分配应用也为车内实用空间做出来不小的贡献，储物空间和行李厢空间都在此基础上显示了不错的灵活性
20161102113819|548|3163|从提车上牌到现在已经跑了1100公里，专门测试了一下油耗，高速市区综合，27L油整整跑了400公里，油耗表现还不错，车辆的操控感也不错，通过20多天的使用，至少现在对车还是比较满意的
20161102113819|548|3165|经常看到有人报怨车头短，我倒没有这样的感觉，比较喜欢这短车身长轴距的设计，对于车辆外观是仁者见仁智者见智的事，C30的外观没有让我感到遗憾
20161102113819|570|3325|优点：1，空间够大，头部空间绝对比A6大；2，舒服，坐进皇冠就像进入温柔乡；3，安静，隔音效果好，有几次下车锁门锁不了，围车搞了几圈才发现没熄火
20161102113819|621|3770|小金到我们家四个多月了，一直乖乖的，吃得少，干得多，开着容易，空间大，问题少（反正别人的爆震、异响、自开我家小金都没有），每天小金平安地把我和孩子送到家，我给它罩上厚厚的车衣，我儿子总拍拍它“晚安小金
20161102113819|628|3801|1、外观真的不错
20161102113819|628|3806|2、小日本的东西不佩服不行啊，做工绝对TMD的细腻，我们不可以借鉴一下吗
20161102113819|630|3817|今天保险公司看了都说这车质量真不错，，我都没想到后备箱居然一点事情没有
20161102113819|658|4068|发了多次贴；试驾多次，，越来越喜欢XC60；谢谢回复的各位朋友发现近期上海4S优惠加大，，如T6智雅优惠20000，送几次保养，，，，还说年后优化要减小但近期没我喜欢的灰色
20161102113819|723|4373|内饰方面做工很精致，仪盘表把我迷得地老天荒啊
20161102113819|723|4374|动力比较满意，本人比较胆小也比较惜命，不怎么敢拉高速，不过有时候也会拉倒一百二，呵呵
20161102113819|723|4375|空间是超级大，这次去九寨沟做了七八个人，哈哈，谈天说地好惬意，最重要的是后两排座椅还可以放下，能装好多行李
20161102113819|723|4376|油耗方面，这车还真是蛮省油的，平均10.5个左右
20161102113819|723|4379|总得来说大奥还是不错的
20161102113819|771|4633|?其实无非还是那些老调重弹的东西，并没有什么新意，个人觉得X7实车整体感觉还是不错的，外观方面
20161102113819|816|4863|??油耗还行，这几天跑的主要是省道比较节油：加油434元/861公里/7.26元每升=0.069升每公里，百公里油耗6.9升，还算省油
20161102113819|957|5785|啦啦上图，偶的钛灰，挑车过程很简单，打开盖子，着火，看下发动机不抖，坐进去听听没啥太大的声音，怠速800转，档位也挺好挂的，基本就定这台了
20161102113819|961|5842|我对现在的动力满意，况且有了新欢，60主要是LP在开，她更感觉60的动力已经“太足”了
20161102113819|999|6049|淘宝的铭朗车膜，质量不说了，绝对好
20161102114320|3|8|跑了2800了，总体感觉很好
20161102114320|3|9|实话说一般城市道路T5动力基本够用了，油门响应还是蛮快的，毕竟177KW和320的扭矩和一般的3.2的有点比了(朋友E300L跑起来加速比这肉不少）
20161102114320|3|12|底盘高，基本不怕小马路牙子，直上直下感觉太好了
20161102114320|39|165|换挡挺好
20161102114320|39|183|这个价位的车，能有这配置，挺好的
20161102114320|60|242|???????除此之外，安全性能已经成为吉利一系列主打中低端市场的小车的主要卖点
20161102114320|62|252|最给力的还是4s送倒车雷达和保修期延长了，买着车就是图个实惠，这是当初打动我非常大的一个因素
20161102114320|62|255|而且外形也8错，前脸很饱满从侧面看也8错，我喜欢HOHO加了个方向盘套感觉一下子活泼很多
20161102114320|62|258|目前感受最深的还是变速箱，大大超出了我的期望值，说的夸张点和朋友的老polo的手排变速箱有的一拼
20161102114320|119|488|原厂的颜色很漂亮很喜欢
20161102114320|179|735|我买的长城腾翼c30?2012手动豪华型的，62000元接车，感觉还不错
20161102114320|235|885|带速的时候声音很小
20161102114320|240|917|当时县城街面就俺这一辆闪铜，现在有3辆了???大年初一上西安，一路狂奔130-50迈，很稳，油耗9-10，很满意，俺地黑鲨踏板摩托车油耗百公里还12呢，夫复何求
20161102114320|317|1251|?我还看了铃木天语，外形配置还是不错的，关键重要的一点省油呀
20161102114320|340|1390|下面以时间轴的方式来描述下各方面的感受吧：刚提车——3个月时间：??人生第一辆自己的车，手动挡不容易熄火，很满意
20161102114320|340|1395|c30超大的后备箱，座椅能放倒，后排乘坐空间大就显得非常非常的实用了
20161102114320|340|1397|空间方面是C30很大的卖点
20161102114320|350|1509|???首先先大赞一下长城车的品质
20161102114320|350|1516|???所以我很自豪的说，谁说国产的就不行，长城品质，我信赖
20161102114320|384|1651|优点是：车内空间较大，做工不错，外观中庸但不失美感，对得起这个价位，一个字：值
20161102114320|431|1837|前方视野还不错，中控仪表操作，触手可及
20161102114320|449|1935|不说小三亲民的价格，单只说他优异的油耗表现，舒适的配置及操控感觉，我真的很满意
20161102114320|457|1996|内饰上，也与目前国产RAV4比较相似，创新的“5+2”座椅布局可组成灵活多变的空间，5.5m的最小转弯半径，使其具备较强的通过性和灵活性
20161102114320|457|1997|全球鹰GX7整体内饰做工比国内很多同级别车精致一些，采用上深下浅双色设计，双炮筒式仪表盘、三辐式运动方向盘让，真皮材质包裹手感也很好
20161102114320|519|2425|高速山路爬破那是没得说，大油门那力量用不完
20161102114320|519|2427|刹车也好用够用
20161102114320|557|2568|3.音箱不错
20161102114320|559|2597|长城哈弗H6优点：外观大气，内饰做工精湛，内部空间大，一些细节的软装饰很到位，油耗虽说稍高点，但是9-11个一般大伙还是能够接受，通过性好，轮胎好像也不赖，还有最主要的就是长城专注做SUV，啥玩意玩精了都了不得
20161102114320|559|2599|当然这款发动机技术成熟性能稳定，维修保养很低，防撞梁，倒车雷达，有些东西还是不能省的比亚迪S6优点：外观大气，尺寸空间给足了，用老司机的话，我花一样的钱买个大的，配置较长城更加丰富
20161102114320|559|2603|外观赞，尤其是方向盘，看着不赖，还有就是吉利这几年在发动机上的进步确实，很给力，企业唯有自主创新，才能撑起民族品牌这面大旗缺点：单从汽车论坛里看到的，一个倒车雷达少一个，内饰应该走新帝豪的内饰风格，比如加个环环，软包什么的，毕竟没真正出来都不好说以上是我了解的一点点皮毛，如有不对之处敬请斧正
20161102114320|572|2708|操控也可以
20161102114320|609|2896|动力日用足够
20161102114320|652|3370|内饰上，也与目前国产RAV4比较相似，创新的“5+2”座椅布局可组成灵活多变的空间，5.5m的最小转弯半径，使其具备较强的通过性和灵活性
20161102114320|652|3371|全球鹰GX7整体内饰做工比国内很多同级别车精致一些，采用上深下浅双色设计，双炮筒式仪表盘、三辐式运动方向盘让，真皮材质包裹手感也很好
20161102114320|660|3410|前脸进气格栅遵循了全球鹰系列的传统设计风格，硬朗的造型线条中带有一丝典雅，而SUV车型特有的霸气与力量感也丝毫不弱
20161102114320|660|3411|全球鹰GX7的前大灯采用了棱角分明的多边形设计，风格较为朴实
20161102114320|660|3418|内饰简约，实用性不俗在内饰方面，全球鹰GX7更多的亮点来源于中控台部分
20161102114320|674|3479|?后来同事买了一辆，开着不错，省油，我米又少，基本就选定C30了
20161102114320|674|3487|同事开了半年车很省油，说车很不错
20161102114320|743|3821|但是说实话，小三的门还是很结实的，当时声音听着非常大，但是只刮蹭了几道痕而已，并没有留下坑洼
20161102114320|856|4542|非常给力，小五表现不错，没有丢下我
20161102114320|872|4696|6、刹车效果不错
20161102114320|953|5174|外型上算是中规中矩的，家里开应该不错
20161102114320|955|5188|成都有GX7现车了，看外观就觉得很结实很有安全感
20161102114320|955|5189|内饰还不错哈
20161102114320|999|5471|再来说说刹车，刹车真的太好了，马3没法比，这么重的车一点即有，宝马真不是盖的
20161102114823|38|165|，不过说实话，的确好看了许多，有了点赛车的意思
20161102114823|38|202|我的朋友们骑了我的车后第一句话就是刹车好
20161102114823|38|231|25迈以内的车型中能有几辆能在20-21迈的速度上保持良好的操控性能
20161102114823|38|249|不知大家注意到没有，凤凰的车架用的钢管特别厚
20161102114823|63|416|优点可能没有想象的好，所以总觉得找不到什么优点（没有试驾直接订车的），要说有就是底盘了，有点硬，让人很放心，还有就是外形吧
20161102114823|80|478|看车时拍了点照片，大家看看吧，也提点意见奥德赛的外观还是比较看好的，有点家轿的味道
20161102114823|80|480|前大灯，造型比较苗条，看的车型是2.4豪华版的，前大灯带有清洗装置，据说可以保持车灯清洁
20161102114823|87|498|??3、提提这个车的内饰吧，其实并不难看，没你们说的那么难看吧，我比较喜欢
20161102114823|92|523|（我想应该是高速跑了一半才有这样的油耗吧）对油耗还是比较满意
20161102114823|122|708|中控面板上的塑料质感不错，接缝处理均匀
20161102114823|122|711|而炮筒式仪表盘中的背景灯光，红白相衬，科技感强
20161102114823|122|714|同时2660mm的轴距为GX7留出了充足的驾乘空间，圆润的车顶线条，再高大的体形都不成问题
20161102114823|122|718|它的动力输出均匀，后段表现突出，同时兼顾了车辆的燃油经济型
20161102114823|122|721|经媒体测试，该车辆在水坑、沙滩、石块等路面上的通过性不错，而且驾乘舒适，颠簸感不强
20161102114823|139|767|小三很给力，开了半年多，因为是家用，才跑了5000公里，如前所言，除仪表盘下不知名处螺丝掉了一个外，没发现其他毛病，当然，还有左前灯洗车后有些许薄雾，左前门上装饰橡皮条涂胶有不到3mm细微开胶
20161102114823|184|1160|????皇冠车的最大优点就是安静，车内装饰有种稳重的感觉，特别版的中网造型更突出年轻运动，在商务的基础上表现出年轻时尚，总体感觉大气稳重
20161102114823|184|1162|2.5的排量加速起来还是不错的，就看你油门敢不敢踩了
20161102114823|220|1315|起亚的车小毛病少，省心，但对K5还是比较陌生
20161102114823|234|1376|??经历了这次碰撞，LP说咱们的DD还是买对了，钣金厚，结实，自重大，稳，底盘高，通过性好
20161102114823|236|1384|后排宽敞，腿部空间够用
20161102114823|236|1385|后备箱很大，高尔夫球包直接横着放
20161102114823|268|1552|六、?倒档也很好挂，雷达很敏感、即使有人在旁边走过也迅速反应
20161102114823|287|1672|??小5真的狠好很帅很给力
20161102114823|304|1760|GX7整体造型霸气十足，前脸简单的肌肉线条勾勒出欧美车的大气，棱角分明的前大灯，搭配透镜灯光带来了宽广的折射视线
20161102114823|338|1971|后风挡也是大倾角的设计与后备箱很协调
20161102114823|341|1984|喜欢全景天窗，喜欢银色，喜欢灰内，希望不会换错
20161102114823|350|2166|3.颜色很正点，大家都没说关于颜色的，色泽鲜明，能够明显的感觉到颜色做的相当到位有档次，不像那个什么3一样，看一眼就知道是便宜货...4.机舱里面布局合理，很整齐，看了舒服吖...5.外型没的说，开出去也是相当有份的...在说说意见：国产车的通病，细节问题处理的不够好，一点都不够细心，要不就是厂家为了省几毛钱，我呸，车主几万银子都花了，还在乎几毛钱...岂不是笑话『9月9日更新...』??后备箱维修篇：图一：就是它出问题了，大家都看出来是哪了吧，没错，后备箱出问题了，就是那个按钮的开锁
20161102114823|358|2214|今天下午去我们本地4S看了实车..大门口就一个试驾车..院子里大概5.6辆的样子.有黑白灰..今天天气有点冷就直接去了大厅.大厅里有个白色的中配..四周看了几圈.一边看.一边敲..钣金不错.用力按感觉很厚的.感觉不错
20161102114823|370|2264|外观大气，配置还算丰富,时尚，前卫，感觉挺适合自己的
20161102114823|379|2320|哈哈对这次购车还是比较满意的，动力刚刚的，环保，无污染
20161102114823|395|2379|沃尔沃XC90：都说这个车安全性好，我跑长途应该合适，试车：起步很快，比我的法拉力４３０还快，太兴奋了，终于找到我要的了，我又试了下越野性能，也不错，６５度的坡都照上，而且是土路，还刚下过大雨，牛啊，准备交定金，又出意外了，老板告诉我说这车停产了，刚接到总部通知，我郁闷啊，老板说要不试车用的这辆我打折卖给你，我其实不喜欢旧的，但是这是我最满意的车，没办法啊，反正也打折，我说多少钱
20161102114823|421|2577|所以麦弗逊的一个最大的设计特点就是结构简单，结构简单能带来两个直接好处那就是：悬挂重量轻和占用空间小
20161102114823|421|2637|从外表看，它在圆周上有许多通向圆心的洞空，这些洞空是经一种特殊工艺(slotteded&drilled)制造而成，因此比普通盘式散热效果要好许多
20161102114823|421|2640|由于盘式刹车的刹车盘暴露在空气中，使得盘式刹车有优良的散热性，当车辆在高速状态做急刹车或在短时间内多次刹车，刹车的性能较不易衰退，可以让车辆获得较佳的煞车效果，以增进车辆的安全性
20161102114823|421|2694|其优点是涡轮转速和发动机相同，因此没有滞后现象，动力输出非常流畅
20161102114823|450|3040|顺带几点值得肯定的地方：1.钣金油漆没话说，绝对是自主一流水平2.底盘刚性不错，我特过了个中南的减速泼，高出地面很高的那种，还有一个坑，车上3人，没感觉到摇晃和明显的颠簸，也不是板车那种坐拖拉机的感觉.3.四轮碟刹很给力，急刹后车头无明显的下沉感觉，车体也无摇晃，不过我时速不高，不知道速度再高点如何
20161102114823|450|3041|4.方向的指向性不错，我驾龄也就2年，初次开着车在车碓里钻来钻去，轻松自如
20161102114823|450|3043|6.空间实在不小，家用足够，车震表示无压力;-)
20161102114823|450|3048|8.怠速声音控制不错，几次我还以为熄火了
20161102114823|450|3049|9.超喜欢那个大天窗，还带防夹手功能
20161102114823|462|3133|宽敞很多，大气很多啊
20161102114823|486|3242|开着没感觉跑了多少公里，就看到油表一格一格的下降，最后软件显示我油耗7.4.哈哈，油耗挺满意的
20161102114823|507|3321|在开回家的路上，感觉整体方面都很好，挡位很好挂，噪音完全可以接受
20161102114823|549|3561|?????我的2012款C30是2012年1月7日到手的，到2月23日已行驶2187公里，共加油1000元，现续航里程为97公里，总体感觉油耗挺满意的（以上数据为23日加油前的数据）
20161102114823|613|3919|逍客的燃油经济性更好些
20161102114823|620|3956|正后方看看行政版内饰后排，挺宽敞
20161102114823|620|3958|后面看还不错的
20161102114823|652|4158|它外表大气，非常适合我的工作使用
20161102114823|654|4191|??先看两张爱车照性感的屁屁，很是喜欢低矮的前脸，很运动全黑内饰，舒服
20161102114823|654|4202|空间也不错，把后两排放倒之后，容量之大，的确能装不少东西
20161102114823|667|4271|20万以内的车，如果只是城市里开开，买个日本车挺好，省油，故障率低
20161102114823|703|4395|前两天开始关注自己的减震问题，我承认网上大家的言论对我有一些心理影响，当然实际情况也是我的车走烂路的时候的确比较响，比较抖
20161102114823|790|4895|?????最后送上小姨子，总结一下，小三这个车在6W左右的车里绝对是王者，底盘扎实，配置丰富，希望小三来到我家，好好服务，我不会亏待你的
20161102114823|884|5453|于是出手---腾翼C30因为它：空间大、油耗低、款式新、配置高、口碑好......这些数据相信大家从网上都能看到，今天只分享一下从购车到5000公里后的个人感受：??订车后，期盼中......为了增加C30在脑海中的印象，赶制了电脑桌面，每天想着就要到手的C30，呵呵，像要过年一样（像小时候快要过年一样）?订车：黑色手豪，62000元，送地板、贴膜、车拖布一个期待着电话，没接一个电话都好像是让去提车，可每次都失望然后就是给4S联系.....仍然无果就在绝望的时候电话来了，今天可以提车
20161102114823|897|5550|隔音、动力、舒适度、操控性都非常棒（和BYDF3对比的）
20161102114823|988|6057|订车前看了科鲁兹，外形漂亮啊，内饰也很不错，不过同事有辆科鲁兹，自动挡市区油耗12点多，当然是在磨合期内，不知道后面还降多少，不过在南宁这个小“赌城”，想开快点也难啊
20161102114823|993|6090|个人觉得这个车很踏实
20161102115345|118|825|c20R外形很拉风，白色的确实养眼，如果以前看到实车，可能就它了
20161102115345|143|917|一上车，空间好大（头部空间很大，第一感觉，说这样还是座椅调高了的），方向盘好硬（硬塑料，没小三好，呵呵），视野开阔（能看到车头，另外跟没有贴膜有关系，感觉特别敞亮）
20161102115345|160|1080|主要把他们来试试脚力，动力随叫随到，一个字，“爽”
20161102115345|168|1143|漂亮的前脸还是大气的前脸
20161102115345|182|1235|1.8的不在意油耗，反而省油
20161102115345|250|1517|1、外观确实还是不错的，钣金的做工也很好，接缝都比较均匀
20161102115345|288|1667|2、载货量那是给力
20161102115345|288|1668|3、车高视野好，开起来感到爽
20161102115345|291|1697|简单谈谈感受：1、外观：见一台银色，一台灰色，外型比较耐看，不是很靓丽的那种，但看着蛮协调，那两台都是精英版的没有没有行李架，感觉SUV装上架子比较好看，车轮子看起来蛮大的，轮毂看起来也很有力量感
20161102115345|294|1708|空间还是不错，问了下价格，反正不加价，有现车，看的合适可以直接提车，但是什么都不送
20161102115345|316|1874|??????外观内饰是前无古人后无来者一般的漂亮惊艳
20161102115345|316|1875|??????操控一流，敢和全独立悬挂叫板，成本却还低，相当实惠
20161102115345|342|2193|要拿现车，也有办法，大家都懂得现在在纠结，是买锐志玄装(24万左右），还是买LEXUS的CT200H（26万多，省油），X1真心漂亮，全景天窗好啊
20161102115345|343|2202|5.金属脚踏，防滑，美观
20161102115345|352|2227|先试的T6舒适，两个字给力给力给力，不用S档已经相当猛了，换上S档就是一台野兽，最关键的是发动机声音相当好听，没有歇斯底里的乱吼，感觉像一头慢跑的雄狮，无论什么速度只要给油都能唤醒它的激情，在高速上一不小心就140了
20161102115345|368|2307|感觉还不错
20161102115345|377|2330|侧面挺好
20161102115345|380|2344|金刚外观霸气，配置较全，空间大，旗云2动力不错，价格便宜，不知这两款哪一款性价比更高一些
20161102115345|399|2647|开回来，个人觉得出去玩途安还是相当靠谱的，LP也觉得好
20161102115345|405|2683|总体来说T6还是很给力，没有失望，超车变道都很稳
20161102115345|458|2926|其中去看过的车包括CRV、RAV4、途观、逍客、IX35以及奇骏，说实话奇骏确实很让我心动，无论是空间还是动力都很符合我的要求
20161102115345|458|2937|首先说说途安，底盘扎实、独立悬挂、操控性能好、技术先进，最喜欢他的仪表盘，试驾了几次感觉很不错
20161102115345|458|2958|?先说说优点：1、?操控非常的不错，指向准确，入弯的时候支撑比较给力
20161102115345|458|2959|2、?提速比想象的要好很多，涡轮增压介入后感觉还不错
20161102115345|458|2960|3、?坡道起步辅助系统很不错，很实用的功能，对于LD这样的新手很有帮助
20161102115345|458|2963|6、?油耗表现还比较满意，今天早上上班的时候看行车电脑的显示5.9L/100KM，可是随着堵车油耗迅速上升，到单位的时候差不多8.5L，等第一箱油用完了仔细算算，不过感觉还是比较省的
20161102115345|468|3027|很有幸今天试驾到12款2.0D版，这车的性价比还是不错的，时尚动感的外观极其漂亮，也许这车的卖点就在外观上
20161102115345|468|3030|视野还算不错，中控及扶手箱那块设计的不错，很舒服
20161102115345|498|3229|车避震器感觉还是蛮舒服，做工也相当不错
20161102115345|499|3236|帝豪的价格貌似可以接受（老板是我同学），那油耗让我又转向了当时刚上市的GC7，毕竟价格便宜1万上下，6AT车型配置都比较满意，就它了，也差不多要过年了，想着过新年开新车心里那个美呀
20161102115345|558|3615|挺有视觉冲击力的，也比较大气
20161102115345|558|3617|后排空间不错，非常满意
20161102115345|579|3726|配置还是不错的
20161102115345|620|4042|外层贴整版；这样可以更好的密封好门板缝隙跟孔，起到更好的隔音效果看看新上市的欧迪臣AFS1，价格经济实惠，中音饱满，综合性非常强的一款2分频套装，适合人生，流行，乐器等
20161102115345|676|4296|综合油耗在不到9个，每公里在6毛钱的样子，感觉MT加上6速变速箱，确实比较省油
20161102115345|696|4524|这个面显得很大气
20161102115345|701|4534|说说用车的感受吧，皇冠这车开着确实舒服，而且外观很大气，由于是2.5排量，动力性感觉一般，不过高速上跑到120左右的时候油门踏板踩到底，加速和推背的感觉还是不错的
20161102115345|717|4611|?特别是t6低配的性价比很高
20161102115345|718|4621|全球鹰GX7的车身重量只有1.48吨左右，这种城市SUV对于家用一族就非常实用，其重量确保油耗不高，加之空间也很不错，后排变化能力强!是款值得购买的车型
20161102115345|767|4921|内饰做工精细配备多功能高端娱乐系统全球鹰的GX7外形时尚、大气、耐看，内饰也将给你惊喜，在功能区的布局和细节处理上都花了不少功夫，做工也有明显提升
20161102115345|791|5000|内饰做工比较精细，其他装配工艺应该说还是相当不错了（我在安装升窗器的过程中安装人员有感而发K5的做工工艺好过智跑很多）
20161102115345|813|5178|方向盘指向性很好，转向很轻
20161102115345|881|5609|动力超强
20161102115345|888|5671|发动机还是比较给力的
20161102115345|898|5753|说下优缺点：优点：1.外观小巧，实际空间不小?????2.1.4t动力足够，市区高速游刃有余?????3.离地间隙不错，有图片
20161102115345|919|5850|此外，和悦沉稳扎实的底盘结构和优良的四轮独立悬挂表现出色，无论是高速直线行使，还是快速过弯，都可以让每个车轮以更好的姿态接触地面，获得最大的抓地力和重心稳定性
20161102115345|919|5854|不仅减轻车身自重，节省油耗，而且有效增加了车身韧性、360度保护座舱安全
20161102115830|8|20|感觉无论从哪个角度看，A60都相当的抢眼，线条流畅，充满了力量感，外形时尚大方，运动感张扬
20161102115830|16|197|日产发动机安静省油
20161102115830|19|221|动力优势：动力足，节油好
20161102115830|19|226|?空间优势：空间宽敞舒适
20161102115830|36|348|也因为这个2610mm的轴距，腾翼C30提供了非常宽敞的车内空间，无论前排还是后排，乘客的腿部空间都表现得非常可观，尤其是后排乘客，即使偶尔长途旅行乘坐，也基本不会感觉拥挤不适
20161102115830|36|350|储物空间方面，由于对纵臂扭转梁复合式后悬架合理的设计，使得腾翼C30的行李厢容积标准状态下也达到了510L的水平，储物空间可谓惊人
20161102115830|76|592|外观么，风神的车前脸一向都比较大气
20161102115830|76|604|手套箱空间很宽敞
20161102115830|76|608|A60的轴距为2700mm，后备箱容积为506L按照这个数据来看，内部空间应该足够宽敞了
20161102115830|90|712|???小五这个车还是不错的，性价比我个人觉得很高
20161102115830|165|980|倒是一眼看中了长城的炫丽，我特喜欢那个外观，而且女生开的话，感觉很方便
20161102115830|172|1070|扶手箱的设计到是不错，分层的不说，设计的很人性化
20161102115830|220|1430|?补充新车695KM时的油耗，时速70KM，还是蛮省油的
20161102115830|231|1500|风神A60的配置比较丰富，高配车型中还拥有360度环绕可视系统、大灯高度调节系统、大灯清洗功能、后视镜倒车照地功能、后排侧气囊、多碟DVD系统等，相当的实用
20161102115830|256|1807|从这个角度看，A60的车身很是修长，很是美观，线条也很流畅，感觉一气呵成的样
20161102115830|256|1808|A60的侧身与轩逸如出一辙，长宽高分别达到4680mm/1720mm/1515mm，2700mm的轴距长度位列该级别的前列水平，车内乘坐空间够大
20161102115830|259|1821|第一次看到小索，是去年去西昌自驾游的路上，前面一辆小索（当时还不知道叫什么名字，呵呵），尾灯太性感了
20161102115830|259|1865|车身刚性还可以，没有松垮的感觉，比许多日系车要好，希望2－3年后依然是这样的感觉
20161102115830|259|1866|方向盘力度适中，转向准确；高速车身很稳，循迹性良好，车速上了100，胎噪出现，但在可接受范围内，风噪抑制得很好，几乎听不见，可见小索的外型设计是很出色的
20161102115830|259|1870|导航很给力，市区也能1－2秒搜星定位
20161102115830|259|1871|近光氙气大灯切线很漂亮，色温不是那种很白的，偏黄，这个是科学的，偏黄的穿透力更强
20161102115830|273|2064|2、发动机真的不错
20161102115830|273|2065|4G18的发动机工作了5年，声音、力量都不错
20161102115830|273|2080|优点是通过性比较好
20161102115830|296|2201|帝豪GT采用很多超级跑车惯用的剪刀门设计，看上去确实非常拉风
20161102115830|296|2203|低矮的车身设计，显示出它的跑车身份，大尺寸的轮胎，动感的多辐轮毂，配上红色的刹车卡钳，看来吉利在某些地方做足了能够吸引眼球的设计，帝豪GT的尾灯也融入了老虎的设计，柳叶形尾灯周围是镀铬装饰，从尾部一直向前延伸，看上去更像是老虎卷起来的尾巴
20161102115830|301|2265|外形不错，配置丰富，空间宽敞，容易操控，毛病不多，只要6万多，你还要求什么
20161102115830|303|2296|?在内饰方面，个人感觉A60的内饰设计更加棱角分明也更具有层次感
20161102115830|310|2353|A60的前脸展现了完全不同的设计风格，前大灯和中网尺寸都非常大，整个中网完全被镀铬装饰包裹，中间的三横幅格栅也显出一些力量感，非常的饱满，展现出这款车大气的一面
20161102115830|310|2369|虽然我只是做短时间的路面试驾，但是给我总体的感觉就是：车子外观大气沉稳，不缺运动感，内饰精雕细琢，给人温馨浪漫的感觉，动力方面我还是感受到A60驾驶稳定性的提高，在行驶中车身有很好的跟随性，不会产生很散的感觉
20161102115830|326|2481|1）该车型具备时尚大气的外形、精致的内饰、宽大的空间，整车尺寸为4430*1857*1660mm，轴距达到2640mm
20161102115830|331|2501|这辆车嘛是5座版本，空间没的说，驾驶室内基本没有异味
20161102115830|331|2505|炮筒仪表盘，看上面的行车电脑百公里8.1升油耗，对于车身1.5吨、排量1.8的GX7来说非常不错了
20161102115830|336|2523|??简单说下感受,本人新手，对车整体很满意，尤其是扎实的地盘，宽大的轮胎，超大的内部空间，车内无异味
20161102115830|349|2605|风神A60车灯的面积看上去超大，很大气，也很稳重
20161102115830|349|2608|素雅的浅色内饰好有温馨的气息哦
20161102115830|349|2620|哈哈，驾驶中……凤凰网评分给出的评价是，A60外形设计时尚，后排空间适中
20161102115830|400|2904|根据官方的介绍，东风风神A60的外观整体大气、稳重，车头相当抢眼，富有张力的进气格栅和耀眼的前大灯首先映入眼帘，带有明显的家族特征，很有气势，但是并不突兀
20161102115830|400|2905|A60车灯的面积非常大，上扬的眉线神采飞扬，定睛之下，颇具鹰眼的犀利
20161102115830|419|3022|我很喜欢K5的外观
20161102115830|446|3141|综合来讲GX7家庭用车很不错了
20161102115830|465|3256|最近觉得小狮子很实惠，内饰和外观很帅
20161102115830|467|3274|尤其是前脸看起来威武、霸气又不缺动感，外形时尚大方，运动感张扬，大面积的横条镀铬格栅、菱形大灯组、下部新型保险杠及前脸引擎盖上部的搭配，使得前脸看起来很具有张力
20161102115830|467|3276|灯真不错，很漂亮，真是越看越喜欢
20161102115830|467|3277|7幅的涡轮状设计的轮毂，整体看起来很规则，感觉一点都不紊乱，很给力的设计
20161102115830|499|3416|内饰也精干
20161102115830|499|3427|车子看见厚重，坐进去就看见踏实
20161102115830|500|3450|车身的整体线条流畅，车声修长，充满了力量感，设计十分动人，外形不错
20161102115830|500|3465|A60是一款家用轿车，作为一款自主品牌的家轿，风神A60所具备的大空间、高舒适性、充沛的动力都迎合了国内家庭的需求，可谓是量身定做
20161102115830|529|3607|很不错的方向盘
20161102115830|683|4498|据说动力强劲省油
20161102115830|683|4528|提速快、油耗低都是C13发动机的显著特点
20161102115830|683|4545|全程动力充沛强劲，行驶稳定、平顺
20161102115830|683|4547|此发动机转速在越过3000转/分后，展现出强劲动力
20161102115830|698|4593|大气时尚，稳重又具运动气息的外观、丰富的智能配置和宽敞舒适的空间，高效节油的动力表现更是一大重要亮点和卖点
20161102115830|698|4608|稳重大气，超长轴距带来宽大舒适的空间，优势明显，可以与合资品牌相媲美
20161102115830|742|4744|试驾过程中，起步阶段稍显中庸但中段运行非常平稳，噪音控制不错
20161102115830|752|4782|从侧面来看，A60的腰线十分动感，有如流水般时尚而具有延伸感，反正车子的外形就是很好看
20161102115830|752|4787|这样看起来A60的配置很给力啊，光是配置就很让人心动
20161102115830|777|4998|基本上所有的网站，对其动力啊、操控啊都是大大的称道
20161102115830|831|5362|LED刹车灯是该车的一个亮点，很有点奥迪Q7的味道
20161102115830|841|5428|大嘴巴的脸蛋很霸气，个人觉得
20161102115830|841|5430|内饰的做工，很精致，米白色显得不那么的压抑，这个事真皮的吧，应该很舒服，真想上去试试，看看是什么感觉啊
20161102115830|858|5601|无论是外观还是配置上，我觉得都挺很不错了
20161102115830|911|5866|座椅很舒服，空间也很充裕
20161102115830|921|5934|整车大气，内饰精致
20161102115830|927|6009|满意试驾结果，空间、动力、舒适、安静都符合要求
20161102115830|927|6017|汉兰达的侧面看起来还是挺不错的，线条简洁，不显臃肿
20161102115830|937|6088|操控优异，兼顾动力与节油作为一款注重家用的车型，F3无论是底盘调教还是动力、油耗，都绝对是同级别车型中的佼佼者
20161102115830|937|6089|特别是此次郊游，路况复杂，F3动力和操控表现让我非常满意
20161102115830|937|6092|而在这种复杂路况下，F3油耗也就百公里6.5L左右，非常经济省油
20161102115830|937|6102|F3的音响效果非常好，不过为了照顾两位老人的感受，一路上我们只能听听悠扬的老歌了
20161102115830|941|6128|外观比我之前在宣传图册上看到的更漂亮，整体线条也比轩逸凌厉动感些
20161102115830|941|6129|我迫不及待地打开车门，黑色内饰尽显运动风范，真皮内饰和银色拉丝饰板让整车更显档次和精致品位
20161102115830|941|6133|上去体验了一番，打孔真皮座椅相当柔软舒适，还配有电动座椅调节，座椅空间对我来说足够
20161102115830|941|6134|整个车身尺寸在同级车里算中等，我坐进后排时双腿距前排座椅空间较大，这点让我非常满意
20161102115830|980|6304|看看其他动辄优惠2W的，很是一个纠结啊...IX35的优点也没啥好说的了，外观靓丽，配置优越，动力性能还算不错
20161102120320|21|85|首先外形尺寸比瑞虎大了一圈，轴距达到了2690这个是比较惊讶的了，那意味着车内空间非常巨大的，也许是秉承了mpv大空间的传统，瑞虎才2510
20161102120320|21|87|后悬挂是多连杆独立悬挂，很好的保证乘坐的舒适性，比较厚道的
20161102120320|30|118|~我个人感觉黑色内饰挺漂亮
20161102120320|47|297|5、油门比以前松好多，轻轻一脚下去那转速和油耗马上就飞上来了
20161102120320|89|523|前后坐着都挺舒服，中控也蛮好看，值得考虑
20161102120320|183|1346|?从GX7出来后，经过多车对比，觉得这车比较厚道，比较看好他，也想换这车，看网上的有很多改气的，说是可省很多的油钱
20161102120320|219|1526|大家评价高
20161102120320|220|1529|我今天去看了看GX7和H6，感觉这两款车都还不错，小7的外形和底盘我觉得还不错，家里人吧看到小6开的比较多也觉得挺好
20161102120320|260|1735|超级喜欢CC的红棕内饰，准备锁定CC了
20161102120320|306|2027|最喜欢座椅记忆功能，还有那个启动座椅向前，熄火座椅拉后的这个我也说不清叫什么的功能，非常人性化，至少是我开过的车里第一次接触这样的功能，对于我这个身材比较大的人来说，真的很方便
20161102120320|363|2278|而且空间真是大
20161102120320|363|2281|??c30的外观真的很好看，空间也好，本人1.84坐后排也不觉得挤，特别中间没有那个鼓包，很贴心实用
20161102120320|435|3091|?外观还可以的，很中庸很大气
20161102120320|435|3093|后备箱空间很大，可以在里面斗地主了
20161102120320|435|3095|中控地方蛮漂亮的，特别是晚上开车很漂亮
20161102120320|466|3314|发动机看起来真是新也还不错
20161102120320|467|3318|测试结果：2.4发动机动力充沛
20161102120320|469|3358|中控台的镀铬饰条很漂亮，要是多功能方向盘多些按键，科技感就更强了6速手自一体肯定比4速或5速的SUV在油耗上有一定的优势，这点还是比较厚道
20161102120320|493|3824|~那车不管坐前还是后空间都是大大的
20161102120320|505|4016|led日间行车灯，利落大方
20161102120320|505|4017|很好的安全装置，这个可以有
20161102120320|505|4052|油漆还不错呢，我是小狮子，它是老豹子
20161102120320|519|4264|优点；内饰豪华实用
20161102120320|519|4270|静音绝对的好不会比740差
20161102120320|519|4271|中控设计得很好
20161102120320|519|4273|本人觉得中控挡位台是所有见过的车中最实用好用的
20161102120320|594|4799|我选的琉璃铃铛，保平安，声音很清脆，很喜欢
20161102120320|746|5404|2、省油，空调强劲，仪表显示黑白分明
20161102120320|746|5406|4、外观大气内饰高档，中网及尾灯觉得好于13代
20161102120320|746|5407|视野好，后排空间好
20161102120320|746|5409|5、储物空间多，按钮便捷，印象最好的是驾驶员门内左手休息处那个坑，放手机很顺手
20161102120320|746|5410|6、油门踏板宽大，前排腿部空间充裕
20161102120320|753|5456|还是警报给力
20161102120320|762|5501|这车给人第一印象是大气，空间让人非常满意
20161102120320|811|5715|在外面声音大，驾驶室里很安静，比较满意
20161102120320|825|5929|所以，车子首先绝对是部好车——主动安全性能非常强
20161102120320|998|7334|优点：外观接缝整体较好，尤其是车尾部分，尾灯和车体结合得非常好，几乎是严丝合缝，保证了后部线条的流畅
20161102120320|998|7335|从外观上来说，吉利的进步非常明显
20161102120845|8|20|刚刚看到凯美瑞新混动上市了，油耗才5.3/百公里，价钱很平易近人啊，而且是新一代的动力，口水啊
20161102120845|17|80|4s没有通知我的情况下刷了ECU，交车时告诉我的（去之前也了解过坛子里刷ECU，所以没有说什么，4s说是瑞纳通病，但态度非常好，值得肯定）
20161102120845|29|136|外观时尚，车内较大，可以满足一家7口人外出游玩，也可以商用，超级稀罕，关注很久了，多功能方向盘，真皮座椅、独立悬挂、自动空调，四轮碟刹、205的轮胎，看我了解的多详细，没有办法，做好功课，才会有不错的成绩
20161102120845|29|138|不知道新款的东西把握不把握，但是我看网上的介绍，这款刚上市销量比较好，大家认可度也比较高，省油主要，这样就是无形当中帮自己赚钱，不错的一款车，空间也比较大，外形也比较酷，底盘比较高，能爬高，也可以下坑，我看的都是好的一部分，这两款谁谁了解，给我介绍一下他们有什么不足，哪款值得去买
20161102120845|64|270|修长的外观，加上和善的笑脸，大气又沉稳，而且又不是威严，显得很上档次
20161102120845|97|482|这种车不仅内部宽敞、而且底盘高，马力足，开起来轰轰作响，奔驰在烟尘四起的牧场石子路上，显得“牛气”十足
20161102120845|120|684|原来是F0的，打算换车，看上瑞纳不错，外观也好看，又看了爱丽舍低调沉稳
20161102120845|148|856|1、车子确实省油，郊区、市区各一半，目前综合油耗稳定在6.5-6.8L/百公里，因本人较懒，具体数字没统计过
20161102120845|148|857|2、车子用料确实不错，已经刮过2次，一次晚上回家拐弯时没注意，直接擦到门柱上，划了好长一道痕，不过车门一点没变形，门柱上瓷砖粉碎
20161102120845|148|873|3、外观大气、稳重，邻居一直以为10多万
20161102120845|148|877|4、车内空间确实不错
20161102120845|162|929|简洁大方的中控，空调旋钮的阻尼手感不错电动车窗，驾驶位的有两个档位，可以只按一下就升降到底
20161102120845|162|931|LP爱吃副驾位的手套箱，脚露出来了驾驶位的储物盒，很多很方便，放小东西很不错
20161102120845|162|936|超大的后备箱，空荡荡的，很萌的“抱枕被”才是亮点到此结束
20161102120845|167|950|说实话，我特别的喜欢这款车，空间那么大，乘坐上是那么的很舒服的，人家就是有那种范啊
20161102120845|197|1187|整车没有一点异响，一直市区行驶，坡起需要给油，2,3档给油加速不错，油耗表显示是8.1，手算是9个多点...其实没啥说的了，两个字，满意...?前几天看到车友用这个脚垫，觉得还可以，有人说挺骚的，就弄了一套....图片已删除
20161102120845|206|1298|空调挺给力的
20161102120845|212|1323|马三两厢的空间和做工都很好
20161102120845|212|1325|尤其行李箱的空间超大啊
20161102120845|222|1432|可见这款CVT变速箱的控制软件非常出色，可以完全修正离合器接合带来的影响
20161102120845|256|1699|一是后排靠背角度可调，大科有4、5个角度可调，靠的是一个带着几个孔的板子，有插销，挺好；二是后排放到后，真的是很平，很平；三是后备箱门分两段，不错，下边那块放倒后就加长了；四是有了更多的储物暗格，不错
20161102120845|389|2432|ASX劲炫延续了三菱家族一贯的“鲨鱼”外表，整车的全黑内饰及全景天窗使得ASX劲炫成为一款为时尚的年轻人痴迷的SUV车型
20161102120845|389|2435|另外，楔形线条强调了车体前进时蓄势待发的动感，使视觉效果更加立体生动
20161102120845|389|2439|最大384L的载货能力，并可同时承载5位乘客，即使是体积十分庞大的物品，车尾门也拥有足够的宽度，而且较低的后备箱地板更是便于重物的装卸
20161102120845|389|2440|进口三菱的ASX劲炫的车门都是整体冲压一次成型而非日系车中常见的焊接车门，整车的安全性也因为整体冲压车门而得到提升
20161102120845|415|2634|这次新车升级变化后油耗下降3%，百公里油耗仅为7.5L，同时保证较高的动力体验，排放标准达到欧五标准
20161102120845|476|3126|15号提的T6舒适，开了6百多公里，动力杠杠的，现在的油耗为11
20161102120845|481|3154|只好自己换了火花塞，今天试车还是真的不错，一、二挡顿车的毛病没有了，加速有力，发动机最少增加了15％的动力，开空调没有费力的感觉
20161102120845|508|3285|第一眼看到风神A60的时候，觉得它没有什么特色，但是越看越有味道了
20161102120845|508|3288|整体看起来，很大气，也很沉稳，适合成熟男士
20161102120845|508|3290|从侧面看，风神A60就像一匹整装待发的白马王子，修长的身躯，加上高贵的外衣，顿显气派和高雅
20161102120845|508|3291|向后延伸的后备箱，给车主留下了足够的空间
20161102120845|508|3292|在同级别车甚至是许多合资品牌中，风神A60的空间是足够大的
20161102120845|508|3296|内饰方面也很温馨和舒适
20161102120845|508|3297|我个人喜欢浅色的内饰，再说了夏天快到了，浅色的内饰也让人的情绪会放松一点，不会那么的烦躁
20161102120845|508|3298|奔驰中的风神A60就像脱缰的野马，没有动力的牵绊，很有王者的风范
20161102120845|508|3299|操控性能好，在转弯的时候体现的淋漓尽致，因为有个轻盈的方向盘，操控起来很轻便，很便捷，转起弯来，完全不费力，而且都不用停
20161102120845|551|3480|???说实话千里马真的是一辆好车：外形动感、质量稳定、省油、皮实、耐用，六七万的价格也能让普通老百姓接受，只是空间稍微小了些
20161102120845|551|3483|???现在V3即将上市了，我比较看好它，V3外形不错、空间可以、基本的配置也齐全，就是发动机不知道咋样，如果价格合理，V3必火
20161102120845|664|4081|?优点：1：音响太给力了（可能木有好车把），反正感觉比我媳妇2.4的CRV要好2：妈呀
20161102120845|664|4088|3：耗油感觉不错，刚看了下才7个才开了200公里，磨合期感觉很不错了
20161102120845|722|4530|??优点：加速性能不错，隔音效果也非常不错本人一直用97号瞬时给油3500——4500转应该感觉到推背感本车速度以测试200其实油门没到底但是你踩到底还是200可能就是行车电脑的问题吧控制了与官方201一致
20161102120845|796|4966|2·奔驰服务态度好
20161102120845|796|4967|3·160高空间大带宝宝出去方便些4·160价格优惠大
20161102120845|796|4968|5·内饰比较舒服温和（所以女同志感觉上档次）
20161102120845|796|4969|?同时我也很看重奥迪A3啊但是我很喜欢116理由1·8速电子变数箱2·前脸我很喜欢（可能很多人不喜欢，可是对我的胃口）3·油耗低啊（160油耗好高啊和2.0有得拼动力和油耗不成正比）4·保养便宜多了5·开起来有激情说的不够细腻160当然也有很多我喜欢的地方比如那个大大的奔驰标志（帅啊）同时116也有很多我不喜欢的地方比如空间确实那个小啊（特别是后排）纠结啊~大家帮我分析一下吧还有一个主要原因就是宝马这边因为老妈老婆不喜欢所以没有表示看中了宝马，所以销售员的价格开的是26万多这个价位我也不会买，但是我也不能独断专行说我就看中了宝马订下来去谈价，如果价格能15-20个点的优惠我觉得我还是能说服我最终要的3个女人中的两位（老妈老婆女儿）
20161102120845|917|5764|上捷达的图图片已删除我认为捷达很皮实，从来没有“省”着开过，一直是以最快的速度提速，红灯总是第一个先冲出去，平时超车、刹车等等，几乎是一脚油门一脚刹车的，因为1.6排量的它，确实很给力
20161102120845|917|5769|）2、减震挺软的3、车是公认的“皮实”“结实”（前杠撞墙两次，当是我以为墙会倒呢，可墙没倒，前杠只划了点皮，后来用自喷漆弄好了）4、车漆钣金挺厚的、大灯罩也是厚厚的玻璃的
20161102120845|917|5773|5、空调挺凉，凉的也特别快缺点:1、外观问题（大家都知道呵）2、后座上做3人，后屁股就下沉的很严重（美观问题）3、也没什么了，除了外观，别的我感觉都挺不错的大伙，有什么意见请多多指点上福瑞迪的图：图片已删除图片已删除图片就这二张，所以就都传上来了?再说说开福瑞迪的感想：优点：1、空间大，里面比奔腾B50、悦动、本田风帆都宽敞，外观漂亮2、提速一般，自动挡的超车时使劲给油，也就相当捷达一般给油（手动的开过两次，比自动档的提速、超车肯定快，不知道比捷达怎么样
20161102120845|939|5852|反而刹车比很多车辆都好，回馈力量始终，刹车效果好
